date,A,ABBV,ABT,ALGN,AMGN,BAX,BDX,BIIB,BIO,BMY,BSX,CAH,CI,CNC,COO,CRL,CTLT,CVS,DGX,DHR,DVA,DXCM,EW,GILD,HCA,HOLX,HSIC,HUM,IDXX,ILMN,INCY,IQV,ISRG,JNJ,LH,LLY,MCK,MDT,MRK,MRNA,MTD,OGN,PFE,REGN,RMD,STE,SYK,TECH,TFX,TMO,UHS,UNH,VRTX,VTRS,WAT,WST,XRAY,ZBH,ZTS
2024-01-16,130.53,161.48,113.76,267.46,303.48,39.05,235.0,246.19,315.22,50.0,60.25,106.38,306.94,78.72,382.82,206.43,49.42,77.42,133.85,226.75,104.82,124.46,73.99,85.99,280.82,72.89,72.99,438.79,520.0,135.14,61.34,212.7,362.33,160.52,221.77,634.57,488.5,86.54,118.49,102.16,1183.98,16.59,28.32,937.32,170.21,221.27,314.29,71.43,245.91,542.0,157.95,519.15,437.49,11.75,308.13,346.5,35.95,122.64,192.99
2024-01-17,128.12,162.04,113.93,259.56,304.08,38.69,234.3,245.27,304.12,49.98,60.96,105.46,308.48,78.0,378.81,203.52,48.58,76.99,133.72,224.58,104.65,125.45,73.82,86.48,277.88,73.05,72.58,447.76,515.48,133.56,61.48,210.91,358.88,160.43,223.0,628.91,485.82,86.05,118.13,100.35,1163.0,15.9,28.15,929.13,170.71,218.88,313.68,69.84,244.94,539.25,154.71,524.94,433.76,11.46,302.51,339.51,35.52,122.23,190.9
2024-01-18,130.46,163.3,114.02,264.51,304.49,38.84,235.0,246.97,304.11,50.09,61.05,106.39,309.08,76.6,385.75,206.11,48.72,73.88,134.23,226.31,105.41,127.45,74.44,86.4,284.82,73.55,74.25,411.98,525.28,134.24,61.18,213.19,371.93,161.21,227.32,623.35,493.0,86.29,118.54,99.07,1185.0,15.69,28.09,930.0,172.76,220.47,314.72,69.86,246.38,544.42,156.39,516.34,432.98,11.27,310.16,342.87,35.91,123.83,190.5
2024-01-19,131.22,164.77,114.69,266.34,307.81,38.6,235.89,249.96,306.62,50.11,60.94,105.48,302.06,74.15,387.5,212.03,49.21,73.22,132.57,231.05,104.76,127.29,74.31,87.29,287.77,73.52,74.04,401.53,523.82,135.88,61.49,215.39,374.82,161.68,226.15,628.58,484.6,86.49,118.89,99.7,1200.0,15.5,28.28,933.4,172.54,221.43,315.05,70.32,246.83,551.75,157.81,503.56,435.02,11.4,312.45,342.74,35.66,123.36,188.38
2024-01-22,132.55,165.39,114.19,271.61,310.16,38.72,235.89,248.3,312.84,49.57,60.74,105.34,305.03,75.17,388.02,215.82,49.82,73.93,130.71,231.97,104.63,129.29,75.16,78.43,288.31,74.04,74.84,409.65,531.43,138.88,61.5,217.75,375.81,162.47,225.77,630.88,487.32,86.47,119.43,99.7,1219.16,15.69,28.31,942.83,176.82,220.06,313.27,72.02,252.58,553.39,156.05,512.99,440.11,11.64,317.05,347.11,36.27,122.59,191.2
2024-01-23,131.64,167.5,114.0,266.43,309.91,38.42,238.3,251.68,315.25,50.12,60.62,104.54,304.4,75.56,386.56,214.05,49.2,75.1,129.78,232.1,103.89,127.12,74.83,79.48,284.91,74.71,74.2,407.52,531.52,140.75,61.87,213.53,371.41,159.81,226.69,629.68,485.37,86.34,119.84,101.92,1219.94,16.27,28.43,954.58,174.97,216.78,312.18,72.48,247.9,550.74,153.81,515.52,439.7,11.77,316.44,351.63,35.49,121.08,188.1
2024-01-24,129.78,164.22,110.77,257.07,305.5,37.88,234.57,247.16,316.56,50.24,59.92,104.36,304.5,75.48,379.93,213.11,49.66,74.19,127.76,228.61,104.46,127.42,72.54,79.53,278.93,74.09,73.26,402.4,520.21,141.01,60.84,212.88,370.07,158.96,223.35,633.7,485.0,84.72,118.88,101.11,1204.81,16.42,28.33,948.24,171.78,214.85,307.75,71.06,241.96,539.99,153.35,513.23,427.56,11.72,312.42,348.71,34.67,120.52,186.07
2024-01-25,129.88,165.13,112.45,262.11,310.26,38.99,236.57,246.21,316.3,49.61,60.83,105.71,298.57,73.55,379.29,213.03,50.41,71.99,130.15,227.39,107.43,126.51,73.55,80.23,286.02,74.14,74.04,355.36,522.44,142.76,60.92,215.5,374.97,159.56,226.65,627.62,486.33,85.79,120.13,102.81,1202.45,16.84,27.47,948.87,186.35,216.68,311.91,71.12,244.88,538.21,156.98,493.4,429.96,11.74,312.0,354.22,35.05,121.96,187.32
2024-01-26,130.99,164.4,112.01,264.28,311.77,38.79,236.65,244.82,329.05,49.7,61.13,105.7,297.82,73.77,372.64,220.28,52.23,73.0,130.44,233.0,107.17,121.96,73.24,79.52,283.43,74.41,74.2,361.23,524.98,140.63,60.64,216.09,374.76,159.5,224.92,639.25,485.27,86.54,120.82,101.81,1217.47,16.73,27.47,940.05,190.15,216.09,311.36,72.63,244.45,547.33,157.57,503.2,430.17,11.93,316.12,361.36,34.92,121.69,191.52
2024-01-29,132.83,163.91,113.45,270.39,313.45,39.08,237.85,247.52,330.04,49.87,61.31,106.28,298.88,74.06,378.12,224.56,53.63,73.48,129.34,233.93,108.31,124.25,74.57,79.07,286.73,74.98,75.23,365.94,532.06,146.72,60.47,218.02,379.16,159.36,227.14,645.0,486.46,87.44,121.28,104.84,1227.48,17.16,27.48,955.8,191.23,216.69,314.5,72.78,247.02,557.77,156.85,504.54,435.82,11.88,324.36,370.5,35.42,122.92,192.76
2024-01-30,134.28,164.92,113.48,264.74,314.62,38.7,236.21,247.08,332.41,49.39,61.42,107.06,298.95,74.86,375.2,223.96,53.04,73.85,128.83,244.95,107.52,120.79,73.9,78.62,301.59,74.93,74.78,376.83,521.03,147.2,59.28,217.08,377.29,158.77,226.35,644.98,490.02,86.97,121.66,102.47,1237.5,16.78,27.02,959.73,191.38,218.17,316.64,72.71,244.85,567.12,158.95,503.61,446.08,11.81,328.38,376.09,35.03,122.37,191.43
2024-01-31,130.1,164.4,113.15,267.32,314.26,38.69,238.81,246.66,320.89,48.87,63.26,109.19,300.95,75.31,373.03,216.28,51.64,74.37,128.43,239.91,108.16,121.35,78.47,78.26,304.9,74.44,74.84,378.06,515.08,143.01,58.77,208.23,378.22,158.9,222.3,645.61,499.89,87.54,120.78,101.05,1197.19,16.65,27.08,942.78,190.2,218.95,335.48,70.32,242.83,538.98,158.81,511.74,433.38,11.77,317.71,373.03,34.75,125.6,187.81
2024-02-01,133.05,167.59,114.49,273.38,324.56,39.19,242.35,247.83,328.96,48.67,64.82,105.1,307.32,75.3,381.52,219.54,53.09,73.92,127.17,245.13,112.23,122.6,78.71,78.16,314.66,74.41,75.73,375.82,527.28,145.74,59.16,211.3,383.83,158.36,224.29,660.43,501.85,88.09,126.38,99.02,1224.0,17.24,27.29,957.78,193.66,223.61,340.56,68.54,247.65,552.23,163.14,507.14,433.87,11.87,324.45,381.5,34.7,127.25,189.14
2024-02-02,132.97,168.67,112.11,273.9,323.19,38.98,237.19,243.72,320.43,48.71,64.37,103.46,323.84,75.41,376.29,218.17,54.51,73.09,125.0,246.33,111.21,120.96,86.09,76.96,309.42,72.44,76.14,378.87,527.14,144.21,58.35,210.75,383.77,156.61,221.54,667.65,504.45,87.63,126.41,97.5,1210.11,16.64,26.93,945.18,191.86,222.19,342.05,65.98,245.74,551.82,162.73,510.23,424.68,11.85,320.74,381.02,34.19,126.32,189.04
2024-02-05,132.82,171.26,111.65,275.58,321.97,38.53,235.07,241.84,318.72,47.98,64.46,103.63,321.27,74.07,371.36,217.59,59.82,72.44,123.78,245.82,110.74,121.23,86.06,76.71,310.62,72.04,74.91,361.02,572.12,142.23,58.06,210.71,383.94,155.8,219.64,706.2,507.94,86.75,126.18,95.49,1186.97,16.04,26.57,936.33,190.11,219.9,342.91,66.77,244.1,551.62,162.67,502.96,428.89,11.58,324.85,397.62,33.33,125.36,190.17
2024-02-06,135.86,173.29,114.0,288.44,316.07,39.71,238.68,245.55,325.01,49.26,64.79,104.07,327.58,74.92,374.7,220.5,58.46,73.76,126.26,248.2,112.08,124.92,88.25,77.72,306.82,74.17,76.09,366.35,567.0,144.89,59.63,215.41,389.69,158.06,222.28,705.03,506.87,87.74,126.88,100.03,1212.1,16.95,27.5,937.81,190.72,225.92,339.77,67.37,252.25,560.28,162.15,510.67,416.13,11.89,330.38,398.27,34.16,127.6,196.14
2024-02-07,132.79,175.01,113.31,284.73,295.87,39.38,239.48,240.54,325.16,48.64,65.23,105.67,330.55,74.92,374.64,218.58,56.5,76.05,127.42,246.64,111.61,126.61,86.61,74.42,307.28,73.85,75.26,368.57,572.31,142.94,57.34,214.34,391.375,157.98,223.71,725.38,516.98,87.16,127.47,99.3,1213.23,16.25,27.56,938.49,186.59,225.87,342.72,66.36,250.89,552.31,162.45,519.39,419.08,11.74,323.54,413.0,33.71,127.55,197.09
2024-02-08,134.07,174.79,112.43,295.0,294.85,40.46,240.71,240.3,326.11,48.71,65.02,102.73,332.29,76.5,373.65,218.77,56.55,75.08,126.54,245.87,110.82,127.05,85.8,73.8,305.46,73.43,74.9,367.8,573.61,143.33,57.36,217.0,386.94,156.4,222.8,735.68,494.23,86.18,126.61,93.66,1224.97,16.31,27.57,946.43,183.75,220.26,339.03,67.98,251.32,550.89,161.96,520.09,423.06,11.56,326.69,410.9,33.16,123.04,195.75
2024-02-09,133.34,174.08,111.81,296.37,291.12,39.55,243.75,240.98,325.22,49.81,65.5,104.95,334.93,77.33,376.6,222.22,56.71,76.32,126.74,242.95,109.86,120.47,85.01,73.67,306.32,73.44,73.72,370.28,572.21,137.84,57.66,218.2,388.22,156.76,222.59,740.16,501.35,84.99,125.45,87.41,1174.51,16.38,27.56,953.42,184.63,224.27,341.96,67.95,252.04,550.75,162.38,518.22,422.91,11.68,322.82,409.64,32.79,122.8,197.32
2024-02-12,132.31,173.07,112.53,302.44,294.43,40.31,243.37,244.74,326.31,49.75,64.99,103.62,337.25,77.91,379.01,225.78,56.99,77.29,130.01,246.83,114.3,118.42,87.12,74.45,310.16,74.06,75.73,369.14,565.56,139.96,57.84,217.88,382.13,157.85,227.45,737.26,494.48,85.07,125.34,89.0,1190.04,16.83,27.66,947.06,182.52,224.94,341.09,69.95,252.73,546.86,164.55,517.64,418.53,11.95,320.2,406.63,33.52,125.85,196.69
2024-02-13,129.76,173.29,111.34,292.32,290.48,39.62,239.07,226.65,316.1,48.71,64.97,104.36,337.42,76.7,367.69,220.24,56.24,76.59,127.86,241.53,113.6,117.03,86.26,73.53,304.54,73.27,73.25,364.48,555.66,133.74,59.34,215.27,378.89,156.47,223.33,742.97,504.77,83.59,125.43,85.37,1157.56,16.12,26.97,940.48,179.17,224.52,339.8,67.52,247.95,538.6,160.6,516.85,416.04,11.97,311.58,398.59,32.45,123.16,183.49
2024-02-14,132.24,174.42,112.06,302.75,290.07,39.64,238.61,220.74,327.91,48.89,65.95,103.55,338.61,77.49,372.49,245.12,56.94,76.41,127.72,247.99,123.41,116.75,86.04,73.04,305.43,73.15,73.68,362.29,560.56,140.74,57.89,243.47,381.76,155.74,228.11,757.31,501.2,83.68,125.82,85.95,1181.18,16.36,27.11,947.82,180.55,227.61,349.42,70.12,249.07,548.27,161.71,516.94,417.88,12.07,317.52,408.19,32.67,121.84,184.08
2024-02-15,134.75,176.59,113.64,309.77,289.07,40.94,239.96,223.35,328.73,49.44,66.09,104.94,339.2,78.3,374.57,245.4,57.44,76.6,125.73,248.96,119.87,117.69,86.04,73.37,307.66,73.8,75.5,363.98,568.83,146.07,58.97,241.47,380.17,157.92,222.13,757.78,505.68,84.72,126.54,91.14,1192.7,18.62,27.51,954.73,182.61,233.05,348.79,71.26,255.05,548.57,162.72,520.88,426.29,12.82,322.87,350.7,33.86,124.4,189.65
2024-02-16,134.84,177.49,114.01,308.77,283.7,41.22,240.76,219.08,340.52,49.86,65.82,104.45,341.09,78.74,372.01,244.96,58.14,77.1,124.0,250.0,122.22,117.05,86.1,71.58,308.55,73.79,75.65,366.92,555.54,143.41,57.96,238.6,378.63,156.55,216.64,782.06,511.06,84.42,127.79,88.37,1187.44,18.71,27.62,948.05,180.46,231.23,349.3,71.61,251.07,547.84,162.16,521.55,422.2,13.06,325.21,362.05,33.58,124.71,188.39
2024-02-20,134.14,175.75,116.64,313.53,283.51,41.77,240.66,219.21,343.76,49.86,66.22,105.37,341.35,79.29,95.7,238.94,57.98,76.31,123.8,247.77,123.0,117.87,86.9,72.04,308.58,74.58,75.64,367.14,551.21,140.05,58.82,234.76,377.64,157.86,215.67,755.66,506.74,85.85,127.37,86.99,1184.37,18.49,27.59,946.87,180.66,229.25,348.07,70.33,250.95,548.14,162.43,521.06,420.64,13.24,323.95,350.18,33.75,124.98,186.55
2024-02-21,135.33,175.14,117.87,304.65,283.46,42.23,245.32,221.11,338.64,50.91,65.75,105.58,343.38,79.17,98.08,241.1,58.24,77.15,126.73,250.65,120.89,116.39,86.65,73.2,311.62,75.82,75.09,367.6,554.77,136.4099,60.33,237.28,380.23,158.68,217.93,745.91,507.42,85.9,128.12,87.59,1193.89,18.53,27.67,952.84,180.29,232.85,347.56,71.72,250.95,552.85,163.3,521.97,419.63,13.26,329.52,356.2,33.08,128.35,188.38
2024-02-22,132.02,176.75,119.02,316.56,285.18,42.01,243.62,222.48,338.47,51.33,66.74,107.15,342.16,80.07,97.78,246.9,58.4,77.1,125.34,252.73,122.87,117.5,87.62,72.78,312.84,75.88,77.08,368.08,571.31,135.55,60.91,247.33,389.08,160.45,217.77,769.64,510.3,85.06,129.26,99.44,1192.78,18.55,27.55,964.89,183.1,236.03,353.15,71.76,237.7,560.49,164.49,526.5,426.78,13.36,330.55,359.9,33.57,128.54,196.66
2024-02-23,132.03,178.09,119.46,316.88,289.18,42.55,246.2,223.32,337.99,51.66,67.0,108.09,344.24,80.22,96.75,247.71,58.77,77.2,127.08,253.84,125.26,116.26,87.74,73.55,315.36,76.15,79.86,362.91,576.29,133.0,60.59,247.26,389.77,161.84,219.16,769.54,516.24,85.67,129.45,96.46,1209.79,18.5,27.76,981.2,184.04,235.85,355.03,71.62,237.75,564.71,164.31,527.24,430.11,13.53,331.25,367.44,33.91,129.18,197.21
2024-02-26,131.49,178.81,118.69,310.84,286.37,42.0,241.72,223.71,338.16,50.52,66.67,110.27,342.31,80.23,94.5,249.56,58.29,76.43,126.2,251.65,124.96,116.17,86.15,72.95,313.2,74.81,80.57,359.95,569.87,136.97,60.53,247.48,388.27,160.79,215.47,771.92,519.2,83.67,128.84,94.02,1195.26,17.65,27.18,989.28,183.29,233.71,352.46,71.91,227.84,563.48,164.33,525.32,433.48,13.43,327.03,363.29,33.69,126.88,197.04
2024-02-27,132.55,178.99,119.4,313.06,278.49,41.85,241.24,223.94,329.74,50.51,66.43,109.61,340.74,80.41,93.74,252.95,58.2,76.27,126.43,254.86,127.6,115.32,86.51,73.02,314.0,75.36,77.85,362.7,575.07,139.76,61.0,248.84,386.46,160.98,215.69,765.0,518.98,83.84,129.03,96.2,1213.21,18.04,26.89,993.35,180.99,232.52,352.21,73.21,226.04,566.17,165.79,513.42,430.92,13.23,332.65,358.29,33.68,126.37,199.0
2024-02-28,137.01,178.0,120.05,302.39,277.46,41.56,239.15,221.74,330.35,50.92,66.99,111.66,335.13,78.39,94.51,256.73,57.94,75.19,125.66,255.71,126.97,114.22,86.0,72.7,312.06,74.12,76.49,351.16,571.68,140.98,59.98,250.31,386.59,161.55,214.8,757.64,523.68,83.36,128.19,97.48,1243.57,17.83,27.04,987.61,173.96,231.34,351.8,74.39,224.79,572.03,161.73,498.28,426.97,12.29,337.68,357.31,33.3,124.13,199.94
2024-02-29,137.36,176.05,118.64,302.42,273.83,40.92,235.55,216.99,325.88,50.75,66.21,111.98,336.14,78.43,93.6,254.19,57.34,74.37,124.89,253.14,126.97,115.07,84.87,72.1,311.7,73.8,76.47,350.32,575.23,139.83,58.36,247.16,385.6,161.38,215.83,753.68,521.41,83.36,127.15,92.24,1247.22,17.41,26.56,966.09,173.72,232.91,349.07,73.57,222.79,570.18,167.06,493.6,420.74,12.37,337.42,358.36,32.68,124.36,198.33
2024-03-01,139.06,178.91,118.62,300.01,280.33,41.01,235.31,220.95,332.3,50.89,67.13,113.37,332.96,77.98,102.19,264.38,57.19,73.84,124.68,255.87,126.92,121.74,85.22,72.31,311.98,73.65,76.88,352.03,576.87,140.5,59.05,252.45,397.9,162.12,218.0,782.12,525.88,83.6,126.96,95.06,1267.98,17.56,26.59,982.82,174.61,232.77,353.22,74.38,223.0,576.33,171.12,489.53,432.76,12.59,346.04,358.72,33.27,124.01,190.82
2024-03-04,142.86,177.05,120.04,308.04,279.39,42.5,235.65,221.02,334.67,50.92,67.43,112.64,336.8,78.32,102.77,258.92,56.95,73.89,125.31,256.19,125.73,122.3,87.02,72.25,314.08,74.6,76.79,346.83,571.28,137.7,59.72,251.56,400.59,159.84,219.1,792.28,534.18,85.06,124.05,96.0,1286.54,17.39,25.89,971.19,180.72,233.27,355.85,74.88,225.0,581.64,174.6,481.87,424.03,12.36,346.76,358.79,33.28,125.51,187.86
2024-03-05,144.35,179.16,118.48,299.49,276.65,42.41,233.45,217.23,330.94,51.82,67.02,112.92,332.73,77.4,101.42,261.27,56.96,73.71,124.51,254.39,134.65,121.78,86.1,72.99,315.54,73.76,75.41,337.92,558.32,134.68,58.9,250.2,387.32,159.97,216.15,777.59,528.83,84.6,122.83,95.56,1286.9,17.75,26.08,965.21,177.63,228.38,352.39,73.4,223.28,584.61,175.5,473.15,415.44,12.28,343.41,351.95,33.27,124.78,185.23
2024-03-06,146.22,181.06,119.34,303.79,276.59,42.99,235.6,217.56,333.25,53.38,67.42,110.62,339.82,77.59,101.87,263.44,56.65,74.34,126.92,252.9,131.98,133.72,88.33,72.63,323.4,75.2,75.33,339.08,557.46,135.13,59.26,252.97,388.16,159.34,217.8,779.77,525.05,85.55,123.75,98.1,1311.65,17.97,27.19,972.1,184.28,229.08,355.0,74.68,224.51,591.5,175.95,472.6,411.85,12.2,349.0,354.31,33.41,125.83,183.53
2024-03-07,149.31,180.57,120.92,310.8,272.86,43.49,237.62,219.36,339.4,53.28,67.82,113.67,342.74,79.66,102.08,270.27,56.36,74.3,127.39,254.12,134.08,133.24,93.81,73.66,324.66,76.32,75.22,340.72,563.22,136.0,59.03,258.59,392.68,158.87,218.36,780.16,528.48,85.15,123.99,99.48,1350.46,18.23,26.79,973.31,192.6,233.02,357.62,76.94,228.88,597.66,177.67,478.78,410.54,12.33,361.0,362.16,33.42,127.36,181.51
2024-03-08,147.87,178.85,120.96,312.49,273.75,43.77,239.9,223.24,343.76,53.79,67.66,115.17,341.79,78.14,101.51,266.97,56.51,75.07,127.24,253.69,135.17,135.25,92.14,75.12,325.37,77.05,74.76,339.35,561.41,135.43,60.02,257.18,391.85,159.52,217.5,762.14,527.41,85.13,123.5,103.03,1313.85,18.45,27.22,968.83,188.44,233.7,357.87,77.09,224.4,597.61,175.69,476.57,413.59,12.26,355.94,358.95,33.75,126.74,182.16
2024-03-11,147.29,179.63,120.19,308.09,275.36,43.48,239.5,230.07,344.25,54.36,66.12,115.48,342.27,78.03,101.44,263.09,56.81,75.94,129.43,252.8,135.82,133.04,90.83,75.32,321.25,76.33,75.0,347.0,548.31,139.06,60.79,258.58,378.9,161.23,218.53,734.37,526.66,85.5,122.77,111.98,1297.97,18.34,28.37,964.44,189.75,233.84,355.59,75.13,227.11,599.43,171.29,489.15,414.47,11.97,353.86,357.52,33.87,128.04,183.49
2024-03-12,147.84,180.92,120.76,310.68,276.54,42.89,237.82,227.36,337.22,54.4,67.49,115.62,343.94,76.75,101.54,264.12,56.5,75.21,129.74,253.1,139.21,135.38,90.91,75.08,323.55,75.64,74.42,345.15,546.84,132.71,59.33,259.1,389.4,162.74,216.86,754.95,531.24,85.74,122.66,110.43,1288.31,18.27,28.01,970.57,193.78,233.81,358.39,74.12,226.56,597.25,174.72,489.35,412.45,12.06,353.3,377.99,33.61,128.21,181.35
2024-03-13,147.82,179.86,120.16,320.69,275.99,42.68,238.8,226.56,336.43,52.65,66.04,111.08,348.72,76.72,102.36,261.18,56.6,75.08,129.41,255.35,138.27,131.68,92.93,75.94,321.9,76.33,75.34,345.2,540.18,132.78,58.92,255.65,382.99,161.1,215.75,757.84,520.21,85.08,122.16,106.51,1305.65,18.55,28.22,965.47,192.47,233.79,356.89,72.49,222.17,593.32,174.41,488.0,413.2,12.05,351.73,385.75,34.13,126.59,176.23
2024-03-14,145.21,181.2,118.85,316.92,271.54,42.02,237.17,219.62,332.4,52.49,66.86,109.93,349.51,76.05,101.5,260.5,56.7,76.42,127.12,253.22,136.0,129.5,93.36,74.21,324.78,75.34,74.39,348.89,535.58,128.1,58.54,254.26,384.31,159.21,209.01,760.73,529.36,84.39,120.51,103.46,1298.13,18.36,28.13,959.04,191.75,231.56,355.64,71.22,218.21,584.91,172.93,489.0,408.77,11.82,343.57,399.39,32.98,125.73,173.88
2024-03-15,147.48,177.88,115.49,314.35,268.87,41.61,236.71,219.31,333.51,52.34,66.23,110.61,352.05,75.47,100.71,258.97,56.22,77.4,128.28,249.4,136.65,130.46,92.31,73.69,321.97,75.91,74.58,348.15,529.77,127.73,58.37,252.71,396.28,158.18,209.21,754.17,533.64,83.57,121.52,103.85,1324.45,18.28,27.94,964.47,190.05,230.05,352.23,72.52,215.39,584.15,173.9,490.82,407.69,11.94,352.9,387.62,32.84,125.17,172.57
2024-03-18,146.09,178.49,112.44,316.14,270.9,41.54,237.72,219.4,333.43,51.59,67.24,110.16,352.63,77.02,100.82,262.13,55.96,77.57,128.14,251.47,137.02,134.72,92.85,73.26,327.17,76.35,74.18,347.19,529.81,130.14,57.34,253.87,392.62,156.76,209.54,762.66,529.71,83.66,121.44,104.26,1306.17,17.81,27.72,959.92,190.96,230.0,354.08,71.88,216.47,580.05,177.3,487.05,411.38,11.76,347.27,395.72,32.98,125.96,170.69
2024-03-19,147.39,179.66,113.16,317.2,271.73,41.95,240.24,218.63,336.48,51.8,67.79,112.85,352.37,78.7,102.25,266.51,55.95,78.06,129.06,253.74,138.33,134.17,94.31,73.41,330.48,76.31,74.38,351.59,534.42,133.16,58.33,254.16,390.53,156.21,210.97,772.78,534.34,84.11,122.2,105.11,1302.65,17.94,27.63,963.66,193.02,230.14,356.89,70.76,218.07,582.72,180.23,493.32,415.2,11.87,348.96,395.69,33.11,126.66,172.96
2024-03-20,147.28,176.27,111.5,329.14,273.05,41.83,237.87,218.15,336.29,51.88,67.44,111.89,353.83,77.88,101.66,268.17,55.88,78.98,127.72,251.68,138.78,132.53,93.04,73.98,328.86,75.04,74.78,348.19,529.5,133.19,58.24,252.72,390.37,155.76,209.36,772.86,530.75,84.04,123.85,103.08,1302.86,18.15,27.7,966.96,192.38,233.27,353.19,71.88,220.48,580.05,179.89,494.23,412.11,11.88,348.36,394.1,33.3,126.53,170.99
2024-03-21,148.74,177.5,111.51,321.27,276.95,42.01,241.62,220.75,351.99,51.59,67.56,112.53,353.72,77.18,101.37,273.43,55.85,78.27,128.83,254.11,136.24,133.41,94.68,73.09,328.85,75.52,74.08,347.39,532.09,137.45,57.72,254.56,391.96,155.75,211.29,770.26,534.18,83.41,123.62,104.09,1338.64,18.3,27.66,968.01,193.73,227.09,353.51,72.33,224.39,584.13,180.77,491.69,415.71,12.01,352.45,395.89,33.45,127.07,168.32
2024-03-22,147.45,178.45,110.57,319.42,276.17,41.94,246.25,218.1,350.46,51.93,67.62,111.01,351.78,76.93,100.42,272.57,55.79,78.48,129.3,254.8,134.11,133.18,93.79,72.61,329.94,75.26,73.12,348.54,530.72,137.2401,56.98,252.41,394.07,155.23,213.26,770.61,532.57,83.08,123.85,105.43,1327.6,17.78,27.36,967.24,192.0,229.0,352.62,71.5,220.94,583.09,180.49,490.07,415.66,11.84,347.31,393.92,32.75,127.2,168.9
2024-03-25,145.56,178.53,110.01,319.28,280.82,41.79,241.67,216.69,341.11,52.25,67.29,111.01,355.55,77.07,100.87,265.61,56.4,78.98,129.28,247.8,134.77,140.1,93.16,72.58,327.32,75.65,72.89,347.09,529.71,134.06,57.48,248.88,391.71,155.22,213.75,773.14,532.55,83.24,125.31,110.38,1320.0,17.82,27.43,961.09,193.31,220.67,351.03,69.22,219.65,573.56,177.85,485.88,416.03,11.83,342.72,388.39,32.84,127.91,167.81
2024-03-26,144.41,179.19,111.5,319.94,281.77,41.54,241.88,212.02,340.52,52.55,67.94,111.6,357.73,77.56,100.73,265.44,56.26,79.32,128.87,248.46,135.25,139.93,93.42,72.41,327.71,76.17,72.88,348.38,530.6,133.8,56.55,247.74,397.63,155.77,213.52,774.9,536.09,83.7,125.52,107.41,1315.07,18.12,27.59,963.55,194.18,221.52,350.38,68.4,216.39,568.82,177.31,492.31,418.46,11.6,338.1,388.22,32.5,127.87,165.67
2024-03-27,147.37,180.35,113.48,327.9,286.3,42.69,246.53,216.34,349.56,53.25,68.62,112.54,363.34,78.35,101.84,269.37,56.48,79.43,131.06,248.77,136.85,139.48,95.15,73.01,331.69,77.35,75.15,349.5,539.57,138.68,57.12,252.57,400.1,157.96,216.57,778.18,539.26,86.92,131.75,110.59,1335.84,18.45,27.78,966.3,196.33,225.52,358.71,69.42,223.87,579.37,181.85,493.1,417.32,11.83,345.19,394.1,33.31,132.61,168.51
2024-03-28,145.51,182.1,113.66,327.92,284.32,42.74,247.45,215.63,345.87,54.23,68.49,111.9,363.19,78.48,101.46,270.95,56.45,79.76,133.11,249.72,138.05,138.7,95.56,73.25,333.53,77.96,75.52,346.72,539.93,137.32,56.97,252.89,399.09,158.19,218.46,777.96,536.85,87.15,131.95,106.56,1331.29,18.8,27.75,962.49,198.03,224.82,357.87,70.39,226.17,581.21,182.46,494.7,418.01,11.94,344.23,395.71,33.19,131.98,169.21
2024-04-01,145.56,180.76,112.09,319.65,283.04,43.55,244.05,214.83,338.98,52.99,68.1,112.06,364.08,77.75,99.24,268.73,56.39,79.56,134.77,247.79,137.84,137.94,94.25,72.88,330.11,76.12,74.24,351.45,532.41,132.72,56.64,248.87,394.87,157.78,216.35,760.55,536.49,87.02,130.99,105.6,1341.2,18.5,27.72,969.31,189.32,221.03,354.67,69.41,222.88,577.45,175.21,489.7,420.48,11.94,344.51,395.94,32.25,129.75,167.02
2024-04-02,144.17,180.69,112.02,312.07,276.21,42.91,241.02,207.64,328.72,52.74,67.45,111.25,363.09,72.45,98.06,261.82,56.45,73.82,132.29,245.94,135.04,136.65,94.31,72.09,329.35,76.08,73.07,304.33,521.67,128.52,55.83,245.51,382.36,157.73,211.95,763.96,533.27,85.2,130.35,103.61,1321.05,18.13,27.55,954.68,184.36,216.27,349.38,68.76,217.39,571.56,172.42,458.14,409.42,11.94,339.73,387.9,31.83,128.47,165.01
2024-04-03,143.73,177.33,111.28,310.11,274.42,43.28,243.59,206.38,328.18,52.18,68.13,110.93,361.07,73.04,98.96,259.31,56.68,74.6,132.39,244.34,135.29,138.51,93.02,70.89,332.2,77.53,73.44,308.06,524.04,127.74,55.31,242.98,383.42,154.26,212.24,775.99,540.09,85.0,129.9,101.21,1330.77,17.91,27.22,950.95,186.04,216.65,351.0,67.87,214.74,576.0,173.74,459.74,408.81,12.02,341.1,387.15,31.85,130.01,162.97
2024-04-04,141.34,167.9,110.11,314.95,268.09,42.63,243.05,205.3,322.83,51.4,67.75,110.12,360.37,72.05,99.16,250.66,56.96,73.9,131.5,241.9,132.95,133.34,91.2,69.55,325.17,77.28,72.89,310.04,518.1,126.0,54.99,238.53,378.92,152.5,211.21,768.08,534.79,83.92,127.66,102.27,1284.55,17.87,26.65,937.02,185.0,213.4,347.38,67.05,211.89,570.61,172.34,455.38,404.01,11.76,334.26,386.12,31.92,127.56,165.52
2024-04-05,144.12,170.0,111.2,317.58,269.95,42.62,246.17,203.87,324.59,51.32,68.56,109.92,362.45,72.78,98.6,253.1,56.75,74.58,130.63,244.28,133.61,138.93,92.7,69.58,328.8,77.98,72.52,313.11,519.54,127.75,55.24,241.45,388.39,152.39,211.26,784.21,538.75,84.56,127.99,102.88,1300.84,17.86,26.66,942.7,188.76,213.48,351.02,66.99,216.77,579.46,173.43,455.74,406.67,11.8,335.94,394.03,32.31,127.33,165.86
2024-04-08,144.46,169.8,110.52,320.06,269.2,42.25,241.72,204.95,326.32,51.1,68.69,109.47,357.98,72.98,98.63,254.92,56.69,74.44,130.04,244.25,133.73,139.94,92.34,69.42,328.02,77.38,72.47,317.0,514.7,130.12,55.05,241.5,386.93,151.59,210.12,777.29,532.23,82.91,126.56,105.09,1304.27,18.16,26.58,938.48,187.76,212.65,349.75,68.22,216.9,578.8,171.63,456.0,404.22,11.75,339.04,392.58,32.24,126.69,165.69
2024-04-09,147.4,170.14,112.44,330.25,270.36,42.83,245.81,206.52,339.48,51.6,68.66,108.07,357.48,72.71,98.92,257.15,57.01,73.36,132.75,249.8,134.08,140.45,93.05,69.94,328.89,78.41,73.17,319.62,519.81,133.57,55.3,245.33,390.96,152.29,210.05,757.24,527.28,83.8,126.71,111.6,1336.6,18.41,26.78,943.89,194.27,214.72,350.91,71.23,223.79,589.2,171.5,459.72,404.48,11.82,345.03,392.38,32.85,129.4,167.14
2024-04-10,144.16,169.03,111.17,327.82,266.45,42.0,240.99,201.55,331.09,50.29,68.65,107.94,357.84,72.25,96.5,247.49,57.02,71.15,131.62,245.87,132.06,140.32,91.51,68.12,327.76,77.61,71.86,319.17,504.14,131.17,55.0,239.41,388.46,150.2,207.17,761.98,529.99,82.33,126.75,107.14,1305.44,18.16,26.32,936.2,193.8,209.21,347.33,69.51,218.24,573.71,170.23,450.05,397.58,11.71,337.15,389.77,32.39,127.72,163.2
2024-04-11,145.0,167.52,111.45,324.9,270.0,42.12,240.61,203.68,311.87,49.12,68.84,106.42,353.08,71.64,96.12,246.42,56.92,69.74,130.02,244.0,131.4,139.62,91.41,68.65,327.25,77.78,71.81,316.29,503.1,130.7,54.92,238.02,392.26,148.79,206.5,759.59,523.37,82.17,126.15,107.01,1311.49,18.28,26.34,920.32,189.51,206.28,346.29,68.81,217.42,574.57,168.4,441.72,400.23,11.57,337.89,387.58,32.02,127.52,162.73
2024-04-12,140.73,162.28,109.11,314.97,267.28,40.33,235.17,198.18,300.45,48.28,68.07,105.1,349.84,70.73,93.52,241.34,56.3,68.64,128.53,239.95,130.42,136.14,90.28,68.07,322.82,77.33,71.01,312.59,497.79,127.0699,53.85,234.23,384.8,147.52,205.73,751.64,523.01,80.13,125.74,105.14,1261.07,17.45,25.86,904.7,185.86,204.0,342.05,66.73,214.44,565.23,166.79,439.2,396.55,11.33,322.66,380.0,31.3,124.48,149.98
2024-04-15,140.22,161.67,108.89,304.74,265.51,40.04,234.72,196.8,300.41,48.51,67.44,107.03,348.9,72.72,92.04,235.93,56.08,68.96,128.64,239.66,129.96,134.56,89.2,67.75,322.63,77.54,70.73,314.64,491.29,121.16,53.43,231.16,377.36,147.59,203.32,750.77,522.68,80.23,126.19,103.86,1243.56,17.71,25.91,898.56,185.09,201.21,339.13,65.52,210.66,557.87,166.42,445.63,397.36,11.32,319.59,378.81,30.89,124.0,149.77
2024-04-16,136.8,162.54,109.21,305.1,265.64,39.57,231.01,195.15,292.75,48.26,68.12,107.17,346.85,72.26,90.53,232.34,55.78,69.03,127.42,240.34,129.78,136.52,90.05,67.31,313.89,75.11,71.22,317.52,489.57,117.69,53.22,229.14,378.55,144.45,201.93,746.74,528.35,79.25,125.06,103.79,1228.3,17.79,25.69,894.14,184.86,199.01,337.66,64.01,210.1,554.55,161.41,468.89,394.17,11.12,313.72,379.48,30.79,122.07,153.02
2024-04-17,134.55,164.25,105.9,300.14,264.07,39.52,232.21,192.16,290.86,47.84,67.96,106.52,346.08,72.0,89.86,230.09,55.96,68.6,126.98,239.39,127.64,133.86,87.24,66.93,311.03,74.92,70.2,323.46,478.24,118.29,52.72,227.25,374.17,144.77,199.97,750.77,525.92,79.08,125.37,103.44,1198.03,17.87,25.42,901.19,173.83,200.24,336.03,62.73,208.3,547.25,160.03,478.99,393.1,11.1,304.18,377.36,30.36,121.3,151.94
2024-04-18,132.44,164.66,105.27,301.34,262.75,39.65,233.15,190.52,281.02,48.3,67.42,106.0,348.78,73.75,90.41,227.55,55.8,69.39,125.91,236.36,126.11,134.3,86.45,66.16,297.0,75.1,69.97,324.83,477.79,116.69,52.82,227.17,372.63,145.74,199.45,745.95,518.81,79.19,125.23,102.0,1192.56,17.86,25.39,893.99,177.61,200.81,327.45,62.21,207.38,541.52,153.65,493.18,393.48,11.12,294.23,377.33,30.44,119.33,153.11
2024-04-19,132.73,166.41,107.28,298.98,268.93,39.47,234.12,194.38,279.73,48.93,67.33,108.19,352.39,75.15,90.42,226.78,55.48,69.75,128.44,235.51,127.82,130.71,85.94,66.76,305.11,75.38,70.86,328.33,476.35,117.43,52.35,228.09,366.34,147.91,201.48,726.31,524.83,79.48,125.78,101.41,1188.54,17.82,26.0,896.82,178.85,199.51,325.43,62.12,206.56,544.78,157.47,501.13,394.28,11.25,296.1,372.04,30.5,119.43,146.5
2024-04-22,133.91,167.89,107.07,300.82,271.91,40.4,233.88,194.11,280.13,49.14,68.02,102.83,353.18,75.58,90.04,232.56,56.05,69.63,130.09,236.08,132.52,131.52,86.96,66.95,310.31,76.22,72.04,325.3,479.57,120.25,51.92,231.34,368.93,149.12,203.07,731.33,527.32,80.57,126.94,104.46,1199.46,18.0,26.26,900.16,180.35,200.9,327.68,62.8,207.27,548.38,161.13,491.23,399.92,11.25,299.23,375.35,30.37,120.78,145.54
2024-04-23,139.2,169.54,107.59,311.88,273.54,41.02,234.36,193.18,285.28,48.99,68.99,103.37,352.65,75.84,91.68,240.13,56.03,68.5,136.7,253.11,133.91,134.0,87.75,67.03,319.43,77.19,72.76,327.98,493.8,124.46,51.65,238.62,377.08,149.56,207.97,745.69,532.0,81.29,126.88,107.89,1241.32,18.52,26.32,907.32,184.22,205.99,334.91,63.69,211.11,574.59,164.91,486.18,404.91,11.36,313.3,390.2,30.86,121.52,149.56
2024-04-24,137.49,167.8,106.89,313.78,273.01,40.93,233.83,201.99,278.21,48.86,72.91,103.54,352.28,76.19,90.2,239.43,55.95,67.77,137.55,250.41,132.74,137.87,88.61,67.08,319.02,76.71,73.21,315.98,494.26,122.87,51.74,240.84,375.01,148.53,207.94,732.2,535.42,80.38,127.0,108.85,1235.37,18.71,26.27,906.54,183.78,202.8,336.85,63.52,211.17,577.39,165.9,487.3,400.76,11.55,310.25,385.73,30.92,121.17,150.88
2024-04-25,136.37,167.29,106.86,310.5,269.38,40.23,230.48,202.46,275.6,44.7,73.26,103.81,354.51,75.68,89.93,227.81,55.8,67.33,135.42,245.8,132.77,138.01,88.01,65.27,314.12,75.71,72.82,311.41,489.24,121.05,51.18,233.98,373.12,146.82,198.35,724.87,539.94,79.25,130.72,106.18,1232.91,18.42,25.26,890.68,183.42,201.54,337.15,62.66,206.71,571.73,165.1,493.86,397.7,11.47,308.35,368.18,30.35,119.75,153.36
2024-04-26,137.74,159.62,107.53,309.02,269.98,40.13,231.55,208.9,275.94,44.85,73.17,103.21,354.47,74.0,88.84,229.03,55.92,67.18,134.26,246.58,133.51,124.34,86.43,65.42,306.69,75.98,73.13,305.9,499.3,122.28,51.68,234.88,375.33,146.14,198.4,733.51,543.3,79.74,131.2,107.97,1238.09,18.55,25.4,883.2,218.06,203.9,335.61,64.06,206.71,573.6,166.06,495.35,397.48,11.57,311.3,360.43,30.57,119.35,158.42
2024-04-29,139.59,161.52,107.27,304.82,276.38,40.64,233.44,215.5,277.11,44.64,72.5,102.91,356.44,73.83,89.89,232.1,56.3,67.45,139.5,246.82,138.14,125.81,85.95,65.94,311.42,76.63,73.03,303.15,505.34,124.73,52.56,235.48,374.14,146.82,204.17,737.2,536.09,80.86,130.12,111.62,1255.24,18.9,25.64,892.48,217.19,205.42,338.87,64.51,208.48,576.89,169.12,489.03,396.2,11.78,315.09,354.41,30.69,121.71,159.7
2024-04-30,137.04,162.64,105.97,282.38,273.94,40.37,234.6,214.82,269.75,43.94,71.87,103.04,357.04,73.06,89.06,229.0,55.85,67.71,138.18,246.62,139.01,127.39,84.67,65.2,309.82,75.77,69.28,302.09,492.76,123.05,52.05,231.77,370.62,144.59,201.37,781.1,537.21,80.24,129.22,110.31,1229.7,18.61,25.62,890.66,213.99,204.56,336.5,63.21,208.75,568.72,170.43,483.7,392.81,11.57,309.04,357.48,30.01,120.28,159.24
2024-05-01,138.69,161.72,106.29,284.52,277.37,40.34,233.72,216.13,274.06,44.21,72.21,102.17,357.18,72.25,89.66,232.69,56.0,56.31,137.55,246.89,139.75,125.88,84.3,65.51,309.44,76.28,68.78,314.21,468.04,124.68,52.94,232.94,371.7,151.18,201.32,776.75,531.1,80.89,128.8,111.46,1249.75,18.83,27.18,903.48,215.01,205.04,328.12,73.46,211.54,574.99,170.19,484.11,402.14,11.63,315.92,363.43,30.18,119.56,158.5
2024-05-02,137.52,160.81,105.92,286.54,278.39,36.91,240.35,213.51,279.31,43.7,72.03,102.98,344.5,74.33,89.75,229.89,56.34,55.15,136.34,246.84,142.24,126.65,85.06,65.33,308.84,75.91,68.6,320.98,475.82,123.99,53.09,222.14,377.65,149.92,200.25,755.91,530.27,80.92,128.26,125.59,1249.88,19.5,27.7,937.61,218.15,206.24,326.63,75.6,198.73,571.25,169.89,492.97,400.16,11.6,315.58,368.46,28.38,118.46,167.23
2024-05-03,139.45,163.79,105.9,287.87,311.29,36.89,234.68,217.51,279.83,43.99,72.85,98.91,341.5,74.81,90.64,233.47,56.5,55.9,137.38,248.38,134.45,128.37,85.25,64.78,307.76,76.54,67.78,320.54,480.6,117.93,53.76,223.37,381.36,149.27,201.32,734.97,528.86,81.69,127.51,125.0,1251.95,19.61,27.81,957.0,216.98,207.82,328.45,77.29,203.01,572.38,167.7,492.45,401.08,11.78,321.25,365.02,28.29,121.66,167.07
2024-05-06,140.61,162.73,105.64,287.37,299.48,36.51,236.58,221.42,281.97,43.9,72.55,98.59,342.41,75.14,92.4,235.27,56.37,55.97,135.64,247.4,136.87,129.65,85.09,65.54,310.06,75.93,68.53,319.23,476.87,118.98,54.08,227.04,383.05,148.58,201.04,766.68,533.41,81.76,127.57,122.13,1250.8,20.68,28.16,958.64,216.94,209.52,325.5,76.06,200.96,573.55,169.15,494.38,402.5,11.82,319.86,366.54,28.25,120.56,165.95
2024-05-07,141.27,162.55,106.17,286.52,300.3,36.12,237.15,218.92,279.91,44.04,73.43,99.72,346.7,75.9,93.42,236.3,56.53,55.74,136.94,248.76,137.69,130.1,85.84,65.46,314.45,76.1,71.2,324.63,483.68,112.82,54.37,229.14,388.65,148.72,201.5,777.77,545.75,81.9,130.38,121.07,1247.74,20.4,27.77,969.97,216.16,212.87,332.14,77.46,201.52,572.87,169.5,500.96,410.24,11.72,326.06,368.35,28.25,121.43,168.45
2024-05-08,142.8,160.45,104.94,273.65,307.31,35.75,233.58,219.72,268.26,43.67,72.72,97.44,347.35,75.85,91.99,235.29,56.2,54.91,136.14,249.55,135.85,127.42,85.09,64.92,309.42,75.86,72.76,324.14,487.07,110.62,53.51,227.88,380.37,148.95,201.61,775.0,543.61,81.55,129.55,121.89,1253.13,20.37,28.27,955.76,212.88,210.09,329.28,77.05,200.45,573.64,169.47,503.21,418.82,11.81,323.8,366.66,27.81,120.85,164.92
2024-05-09,145.14,160.4,104.67,280.39,312.86,35.95,235.0,222.75,277.31,44.74,74.1,98.06,350.97,77.65,94.69,230.09,55.98,55.68,138.16,251.43,137.94,128.14,87.42,64.58,321.89,75.75,73.44,334.68,500.82,111.35,53.5,229.2,385.45,149.85,206.15,771.55,555.12,82.76,130.23,122.69,1290.42,20.51,28.18,968.0,216.84,225.99,330.86,79.63,204.7,577.93,177.05,507.03,418.99,11.22,336.42,365.59,28.2,121.44,168.13
2024-05-10,149.76,160.75,104.74,271.7,310.15,35.69,235.67,221.5,282.0,44.94,73.69,99.53,348.39,77.79,94.76,228.12,55.81,55.82,138.42,253.38,137.52,127.05,86.72,65.96,326.65,75.14,73.31,335.59,509.82,110.53,53.06,234.08,386.7,149.91,207.67,760.0,559.91,82.84,130.06,117.31,1510.25,20.42,28.01,973.8,213.82,231.33,330.58,80.91,203.93,593.03,178.09,512.81,422.78,11.16,351.11,364.19,27.89,121.31,169.04
2024-05-13,147.76,161.28,104.77,272.74,308.45,35.43,236.95,225.34,285.44,45.06,72.81,98.04,349.14,77.15,92.83,228.41,55.8,56.47,140.78,251.61,136.59,124.95,84.7,67.54,317.18,75.57,73.13,339.58,503.02,112.77,57.6,229.04,380.88,151.22,210.37,757.7,554.61,83.52,129.29,125.67,1461.64,20.94,28.44,976.96,217.89,232.56,324.56,81.97,207.32,590.7,178.59,511.74,429.93,11.36,349.28,358.17,28.18,119.59,167.91
2024-05-14,151.28,161.59,104.01,278.08,311.41,35.24,235.0,226.88,294.01,44.71,73.49,97.43,346.42,76.87,95.96,232.82,55.52,56.0,139.16,259.26,137.01,125.97,86.46,67.65,320.5,75.65,72.77,344.5,521.11,115.58,57.05,231.14,384.19,151.38,211.2,763.98,551.58,84.3,128.66,128.32,1496.14,21.35,28.38,984.64,215.85,236.0,324.3,84.15,212.62,594.8,178.91,513.88,428.59,11.14,358.99,354.48,28.12,119.97,168.87
2024-05-15,154.08,163.79,104.59,280.32,319.04,35.43,237.29,235.32,300.97,44.55,74.45,97.11,343.28,78.09,97.9,232.56,55.61,56.26,140.78,263.46,137.88,129.71,90.16,67.01,326.96,74.86,74.74,347.15,548.53,115.01,57.05,233.69,399.39,152.67,213.21,787.02,551.56,84.72,131.73,129.06,1519.89,21.65,28.82,978.21,220.63,235.46,331.99,83.5,219.79,599.02,182.24,517.55,437.49,11.07,361.79,351.52,28.26,120.98,173.28
2024-05-16,154.31,164.35,104.87,273.56,314.72,35.17,236.62,230.04,295.73,44.11,74.55,98.7,339.26,77.14,97.9,224.75,55.25,57.52,142.43,264.84,136.48,131.91,90.11,67.86,322.71,74.95,74.33,355.19,540.94,114.46,56.86,235.0,396.43,154.28,213.13,771.12,555.76,85.64,130.88,132.68,1530.55,21.52,28.92,967.98,219.97,230.73,333.98,82.84,218.57,597.15,178.98,521.27,440.64,11.02,360.51,354.11,28.38,121.23,173.71
2024-05-17,154.23,166.42,104.09,271.5,312.47,35.25,236.3,230.57,293.85,44.03,74.65,99.08,338.71,78.06,97.31,221.61,55.37,57.68,144.34,265.8,139.82,131.36,89.14,67.72,322.86,75.02,74.6,356.2,543.45,111.07,57.1,231.18,398.82,154.64,210.59,770.0,564.52,85.92,131.19,132.9,1522.75,21.8,28.64,982.29,218.57,232.69,334.68,83.805,217.64,595.3,177.7,524.63,445.21,10.98,355.95,355.64,28.28,120.18,174.06
2024-05-20,154.64,164.56,103.21,267.44,314.54,35.02,237.13,231.58,291.88,43.36,75.36,98.46,333.37,77.57,97.21,223.06,55.0,57.4,144.17,267.11,140.93,130.69,89.78,67.9,325.05,74.85,73.47,355.22,530.07,108.53,57.19,230.09,400.03,151.27,206.83,783.18,564.0,84.51,130.99,141.01,1518.29,21.77,28.53,987.27,218.74,232.75,329.73,82.5,214.59,594.01,181.41,517.23,445.87,11.07,354.02,342.76,28.12,119.05,174.39
2024-05-21,153.67,162.93,102.96,264.02,314.85,34.45,234.86,227.69,289.45,42.27,75.67,96.01,336.38,78.4,96.76,221.48,54.96,57.32,143.34,266.55,138.69,130.84,90.34,67.29,321.12,74.55,73.25,355.63,518.44,107.61,57.4,229.38,402.11,151.24,205.34,803.17,552.39,85.17,130.76,143.69,1521.29,21.85,28.56,993.95,218.28,230.6,330.51,82.68,212.99,590.12,180.2,523.55,442.0,10.96,351.65,337.01,28.2,119.0,172.79
2024-05-22,152.87,159.61,104.82,261.12,309.41,34.35,234.45,225.21,291.84,42.34,75.37,96.32,336.47,78.43,96.6,219.0,54.97,57.44,141.86,267.19,134.75,130.53,90.21,67.8,318.41,74.81,72.38,356.6,517.94,107.39,58.2,226.03,400.9,153.5,201.19,802.91,557.38,85.76,131.1,163.33,1501.78,21.96,29.6,983.8,218.27,230.6,335.42,82.98,213.09,590.8,178.9,521.35,447.53,10.88,348.8,334.29,28.05,119.33,172.05
2024-05-23,150.55,158.26,104.23,252.39,306.5,34.0,230.35,218.06,290.25,41.54,74.38,96.05,337.83,77.33,94.44,217.55,54.65,55.65,140.04,261.4,132.25,125.6,87.46,66.17,315.32,73.99,71.52,352.22,516.1,105.85,57.45,227.09,398.39,149.7,197.09,808.45,558.03,81.38,131.09,164.01,1479.3,21.35,28.69,980.57,211.58,226.81,330.12,80.41,206.54,585.03,176.91,516.83,450.8,10.53,336.79,328.59,27.52,115.85,170.9
2024-05-24,150.66,157.06,103.95,255.62,305.84,33.9,228.79,217.81,287.21,41.24,75.63,96.39,332.61,74.63,94.89,217.21,54.82,55.54,141.28,262.78,138.54,127.37,87.98,65.68,318.7,73.8,71.72,349.3,516.5,106.48,57.31,229.6,404.85,146.97,199.65,807.43,560.73,82.29,129.49,166.61,1479.53,20.99,28.88,985.02,213.26,229.17,335.54,80.79,206.35,584.05,176.37,508.17,456.95,10.41,336.46,331.66,27.46,116.41,170.07
2024-05-28,148.21,155.34,101.95,253.77,300.19,33.85,226.8,218.73,286.09,40.49,75.17,94.75,333.21,72.72,91.68,214.51,54.0,53.63,138.91,258.71,143.67,127.38,87.04,63.94,318.66,73.36,71.15,349.21,505.4,105.03,57.25,226.71,401.03,144.38,196.19,807.86,549.26,82.0,126.09,153.2,1454.55,20.98,28.3,973.16,207.17,223.39,339.31,79.39,204.64,572.57,175.18,503.68,446.88,10.39,331.84,327.47,27.64,116.33,171.3
2024-05-29,145.48,154.79,100.73,252.76,296.37,33.19,225.07,214.41,285.0,40.25,74.98,96.14,332.92,70.5,91.11,211.48,53.58,53.67,138.19,255.93,146.69,127.64,87.03,63.5,325.13,72.39,70.14,345.31,498.35,101.76,56.92,225.0,398.4,144.44,192.5,811.53,558.89,81.49,125.9,147.92,1437.16,20.57,27.82,966.49,205.96,223.42,341.14,78.6,202.51,567.3,180.23,484.72,441.13,10.31,327.65,322.85,27.12,115.14,170.8
2024-05-30,131.42,156.31,101.74,256.5,301.0,33.43,226.78,220.07,282.01,40.25,75.0,97.71,331.0,68.96,90.23,209.72,53.61,56.04,139.33,252.74,147.14,118.4,87.89,64.08,335.1,72.58,69.25,347.38,499.77,101.05,57.3,222.45,403.39,145.28,193.44,815.06,560.96,80.6,124.53,151.49,1383.57,20.94,28.2,969.91,209.34,223.22,340.52,77.25,206.64,562.76,185.9,481.65,443.05,10.48,307.62,329.12,27.75,114.44,169.44
2024-05-31,130.41,161.24,102.19,257.21,305.85,34.09,231.97,224.94,286.86,41.09,75.57,99.27,344.62,71.59,94.31,208.44,53.79,59.6,141.97,256.8,147.12,118.77,86.89,64.27,339.75,73.78,69.34,358.12,496.95,104.28,57.79,219.09,402.12,146.67,194.91,820.34,569.59,81.37,125.54,142.55,1404.09,21.33,28.66,980.16,206.33,222.88,341.09,77.19,209.07,567.98,189.8,495.37,455.34,10.6,308.9,331.41,28.01,115.15,169.56
2024-06-03,131.4,160.19,102.87,254.53,307.42,34.08,238.84,229.8,288.96,41.77,75.5,99.51,341.49,71.13,94.72,207.93,54.28,60.21,141.11,261.38,145.61,115.23,87.86,63.43,332.7,74.53,69.68,364.2,492.43,103.37,58.8,216.47,403.86,147.74,195.01,831.26,573.16,82.12,128.42,147.82,1399.43,21.38,29.31,989.48,207.39,228.37,339.39,77.9,214.93,569.58,186.6,497.44,470.18,10.58,309.9,328.73,28.04,113.12,172.37
2024-06-04,130.85,162.14,103.43,248.91,307.37,33.3,238.5,234.13,288.42,41.75,75.92,98.32,337.06,70.14,94.56,210.23,54.96,60.26,141.57,263.33,143.31,116.71,87.41,64.16,332.0,74.65,69.64,360.87,491.06,102.06,58.57,217.18,406.61,147.8,196.68,832.59,573.73,83.27,128.71,145.34,1406.83,20.88,29.49,993.29,211.18,228.5,342.0,76.9,215.05,569.67,184.64,505.49,474.95,10.53,307.26,318.42,27.72,113.44,171.88
2024-06-05,133.56,165.44,103.23,256.01,307.38,33.19,236.3,236.72,289.1,41.24,75.89,97.96,334.18,69.7,94.23,216.12,55.47,60.7,142.69,267.85,145.03,118.08,87.07,63.88,336.91,74.25,69.64,361.0,495.84,106.79,59.03,218.9,417.24,145.97,198.0,831.76,579.6,82.31,129.45,154.84,1452.03,20.96,29.55,1005.87,213.24,229.91,345.99,79.26,215.35,575.28,189.47,503.12,483.04,10.49,307.19,317.69,27.64,112.64,175.82
2024-06-06,132.82,168.57,104.27,257.46,305.69,33.32,240.17,231.99,289.0,40.88,76.12,98.8,337.91,70.44,95.25,221.62,56.21,60.94,142.64,267.98,143.84,115.3,87.68,63.85,336.82,74.78,68.6,355.43,497.84,114.72,58.41,220.49,418.15,146.42,198.41,837.29,586.11,82.34,130.52,154.69,1438.03,20.67,28.8,1000.79,211.56,230.48,349.63,78.83,216.4,579.84,189.34,501.92,485.53,10.42,300.55,315.2,27.78,113.37,176.78
2024-06-07,132.98,169.42,107.58,255.54,305.02,33.16,240.63,225.43,287.02,41.48,77.11,98.51,338.1,69.81,94.38,214.79,56.39,61.78,142.34,263.08,143.18,115.79,88.14,64.7,337.44,74.51,68.51,351.8,497.51,113.7,59.16,219.23,417.61,147.08,196.6,849.99,586.9,84.07,130.67,151.01,1438.58,20.75,28.58,1002.95,210.91,226.85,349.33,77.63,212.57,581.09,187.53,490.69,483.04,10.47,302.09,314.68,27.69,113.34,176.92
2024-06-10,133.03,170.46,107.49,255.7,304.72,32.89,239.51,225.98,284.45,42.57,77.42,98.84,338.65,69.84,95.08,214.51,56.19,60.28,141.47,264.67,141.58,116.57,86.1,65.25,341.26,73.97,67.42,349.34,508.26,109.82,59.4,215.83,418.38,147.13,195.92,865.0,591.28,83.14,131.49,148.59,1443.83,20.71,28.07,1001.73,211.66,224.79,348.17,77.1,207.09,581.48,188.93,495.0,483.28,10.51,301.47,319.86,27.05,112.88,178.83
2024-06-11,132.11,167.7,105.81,253.28,300.7,32.87,234.94,225.74,281.17,43.02,77.15,99.01,337.94,69.26,93.77,210.43,55.81,60.0,140.76,261.25,139.86,116.9,87.0,64.89,336.31,72.9,66.51,351.77,506.2,112.59,59.48,215.51,418.78,146.76,197.42,865.82,591.29,81.95,131.84,148.39,1441.4,20.26,28.03,1010.54,210.18,225.44,346.4,76.89,206.54,575.89,185.68,496.22,481.53,10.64,300.5,328.17,26.96,109.23,178.54
2024-06-12,133.16,166.09,104.38,266.13,301.08,33.31,233.99,230.63,283.29,42.41,77.41,99.0,336.05,67.71,94.81,213.84,55.95,59.99,138.83,264.61,142.69,117.2,87.77,64.34,340.81,72.48,66.41,352.38,514.28,108.51,59.94,217.46,428.1,145.41,196.36,867.3,584.79,82.23,130.2,147.72,1459.51,20.84,27.66,1027.67,210.89,225.84,346.41,77.45,211.1,575.69,187.24,493.07,475.79,10.63,300.96,338.42,27.05,107.45,175.85
2024-06-13,130.57,166.56,103.45,271.28,298.5,33.74,231.97,233.84,281.8,41.48,76.96,100.61,334.15,68.98,94.2,212.44,55.97,61.03,138.53,255.01,142.16,113.81,87.67,63.56,340.9,72.14,66.27,358.1,506.12,109.22,62.69,213.96,422.9,145.45,196.48,883.33,591.07,81.66,129.37,145.23,1474.44,20.51,27.65,1026.55,212.38,221.05,343.02,76.88,209.3,572.63,188.18,497.3,479.03,10.39,295.51,336.29,26.7,106.97,171.32
2024-06-14,129.85,168.59,103.68,256.01,298.62,33.78,233.73,231.69,282.26,41.2,76.76,100.2,333.29,68.93,93.47,209.47,55.48,60.22,137.85,254.85,141.16,115.95,87.29,65.06,337.47,71.79,65.8,358.93,504.0,108.66,62.11,212.75,425.78,145.54,199.88,878.45,589.95,81.04,129.48,140.03,1454.74,20.4,27.53,1036.52,211.73,218.29,344.98,75.87,208.29,572.05,187.85,497.12,480.73,10.17,294.94,333.25,26.11,107.19,170.55
2024-06-17,131.83,169.68,103.45,245.52,303.28,33.91,232.75,226.46,295.77,40.97,76.19,100.95,333.9,68.2,92.46,208.41,55.21,61.09,137.02,254.13,141.24,116.53,86.87,64.27,335.47,71.43,66.18,355.25,504.33,109.07,62.69,213.32,430.0,145.95,201.56,885.01,597.45,79.95,127.5,137.9,1447.76,20.35,26.98,1045.37,210.35,216.12,344.7,74.81,205.77,568.0,189.81,489.23,473.69,10.11,294.25,336.08,25.66,107.03,170.9
2024-06-18,134.9,171.36,103.99,242.2,305.99,33.73,233.73,223.65,288.99,40.81,76.31,104.09,334.8,66.39,91.66,209.8,55.07,61.01,137.3,257.51,142.21,116.64,88.52,63.15,340.64,71.47,68.28,349.55,503.6,108.1,61.44,212.83,435.0,145.65,206.5,891.46,602.93,79.75,127.99,133.27,1481.07,20.35,27.41,1039.11,212.27,216.5,348.67,74.54,202.09,569.17,190.56,481.05,467.28,10.05,294.4,322.07,25.66,106.69,169.66
2024-06-20,132.73,172.13,106.57,242.61,309.89,34.0,238.4,225.58,285.62,41.04,77.0,104.37,337.88,67.48,91.73,209.63,54.82,61.0,138.2,248.56,140.24,116.07,88.84,68.49,338.37,72.21,66.55,357.42,495.96,108.25,62.36,214.19,432.55,147.78,207.38,885.99,603.24,80.17,129.67,134.4,1456.59,20.45,27.74,1044.39,213.27,219.31,341.35,74.53,202.08,557.21,188.68,484.52,471.38,10.26,290.0,328.64,25.45,106.25,168.18
2024-06-21,133.25,170.39,105.72,242.19,308.16,34.29,238.29,224.0,287.98,41.93,77.71,104.63,339.98,67.93,91.51,211.6,56.5,61.37,138.96,254.96,141.38,116.64,90.9,70.67,338.92,73.07,67.26,355.48,495.73,108.57,63.22,216.25,432.56,148.75,205.25,883.88,603.08,81.64,130.72,133.4,1463.48,20.84,27.74,1053.14,205.83,218.12,342.64,73.66,203.4,564.6,189.1,482.59,468.71,10.47,290.27,332.76,25.45,107.86,171.09
2024-06-24,135.08,172.74,105.3,237.08,318.15,34.19,235.91,226.6,283.88,42.23,76.71,104.9,343.14,68.04,89.81,209.85,56.47,61.73,140.23,256.76,143.88,110.57,90.17,70.73,341.37,72.48,67.27,358.04,491.49,110.24,63.75,214.09,429.04,149.12,208.0,890.11,607.81,81.04,132.96,137.0,1453.98,21.12,28.36,1063.89,182.2,216.56,339.07,74.49,200.73,565.95,191.01,489.98,474.95,10.47,289.27,331.0,25.57,108.46,171.84
2024-06-25,134.69,170.75,105.49,235.23,319.31,33.96,233.87,223.19,280.25,42.19,77.51,103.13,338.8,67.65,89.21,206.39,56.14,60.44,138.3,254.14,142.92,110.31,91.08,69.61,340.45,71.65,66.1,355.8,491.08,109.84,63.1,211.42,442.31,147.19,207.84,904.61,604.42,80.41,132.92,137.6,1426.8,20.79,27.99,1071.1899,183.84,215.43,339.55,73.07,198.62,556.52,187.7,484.5,473.82,10.31,286.97,323.6,25.01,108.22,167.98
2024-06-26,133.09,171.15,104.88,243.61,312.82,33.9,231.62,224.46,278.03,42.5,77.1,101.1,337.58,67.72,87.96,206.71,56.16,60.63,138.6,253.59,142.16,113.51,91.56,69.31,340.48,72.27,64.56,361.09,488.61,105.68,61.75,211.18,442.56,146.82,203.24,901.26,599.56,80.05,131.5,122.45,1427.3,20.63,27.42,1069.16,186.53,216.09,340.51,72.1,200.03,558.17,189.67,484.04,474.0,10.43,290.3,323.68,25.16,108.11,170.9
2024-06-27,130.8,168.99,104.65,243.0,313.69,33.52,230.94,228.72,271.99,41.51,77.0,99.62,334.15,67.37,87.62,207.35,56.41,58.36,137.34,251.76,141.45,114.54,93.34,68.83,343.29,74.21,64.09,362.98,493.96,106.46,61.35,212.75,445.11,145.8,204.9,909.04,593.2,79.33,129.82,121.18,1406.52,20.59,27.8,1050.86,191.58,216.44,340.54,71.82,207.23,550.78,191.56,486.44,472.51,10.48,286.47,328.76,25.29,108.38,176.46
2024-06-28,129.63,171.52,103.91,241.43,312.45,33.45,233.71,231.82,273.11,41.53,77.01,98.32,330.57,66.3,87.3,206.58,56.23,59.06,136.88,249.85,138.57,113.38,92.37,68.61,321.28,74.25,64.1,373.65,487.2,104.38,60.62,211.44,444.85,146.16,203.51,905.38,584.04,78.71,123.8,118.75,1397.59,20.7,27.98,1051.03,191.42,219.54,340.25,71.65,210.33,553.0,184.93,509.26,468.72,10.63,290.12,329.39,24.91,108.53,173.36
2024-07-01,127.4,170.37,103.2,238.64,311.01,33.06,229.27,231.77,263.97,41.3,76.41,97.76,326.27,65.34,86.39,203.24,56.16,58.15,137.09,244.51,138.61,112.17,90.25,68.64,315.12,74.1,65.11,373.49,476.4,105.5,60.87,208.49,436.24,146.44,203.13,914.37,586.34,77.12,127.9,115.95,1366.84,20.31,28.22,1057.02,186.94,218.54,336.5,71.61,211.44,541.72,182.2,494.65,471.25,10.59,282.7,324.55,24.63,105.96,172.58
2024-07-02,125.78,165.96,103.2,239.74,310.77,32.85,229.24,228.82,267.55,40.45,76.55,96.54,325.91,66.19,86.51,201.48,56.2,57.52,136.64,240.41,138.45,112.49,91.23,68.4,319.7,73.53,65.6,374.82,477.23,105.51,59.02,207.47,438.81,146.03,202.73,906.71,584.83,77.37,127.72,117.07,1357.07,20.12,27.83,1044.66,189.35,218.34,334.3,71.24,211.25,533.93,184.72,498.24,473.78,10.43,284.49,322.6,24.44,106.27,174.81
2024-07-03,126.13,163.84,102.33,243.37,309.38,33.16,228.84,224.61,270.07,40.06,76.11,95.7,325.43,66.76,85.51,201.42,56.51,56.7,140.9,240.0,137.95,110.91,91.08,66.59,326.55,73.48,64.79,362.85,477.49,105.28,57.66,206.81,434.81,145.69,203.86,898.1,583.35,77.17,125.85,115.95,1354.1,20.31,27.7,1024.09,189.4,217.38,332.02,71.45,211.44,535.61,185.39,489.89,470.28,10.38,287.5,320.9,24.76,106.58,175.6
2024-07-05,126.37,167.25,104.02,243.6,310.88,34.91,227.76,225.65,276.94,39.66,76.4,95.89,319.12,66.37,85.9,199.66,56.73,56.62,140.45,239.25,136.45,113.69,92.32,66.69,320.3,74.1,64.96,368.82,486.0,108.52,57.33,208.1,443.76,146.48,204.58,914.57,587.76,77.61,126.45,118.32,1346.08,20.11,28.05,1034.23,194.74,220.05,337.25,71.44,214.06,540.1,180.93,488.01,474.57,10.32,286.21,322.56,24.56,108.01,174.96
2024-07-08,126.07,166.52,102.12,248.94,311.46,33.61,225.54,228.07,274.94,39.99,76.11,96.88,323.78,66.19,85.65,202.46,57.11,56.89,138.92,240.65,137.38,110.97,91.84,67.55,316.21,74.53,64.75,370.43,483.73,107.84,58.17,208.94,444.53,145.48,202.96,918.0,589.53,76.84,125.78,116.45,1330.0,20.14,27.93,1052.25,192.92,219.83,334.11,71.56,211.73,536.29,180.63,489.34,481.89,10.61,285.57,319.98,24.66,106.39,175.43
2024-07-09,125.42,168.05,101.64,247.48,315.91,34.01,221.47,229.06,274.88,40.86,76.51,96.01,328.37,65.74,85.68,201.85,57.3,57.62,138.36,239.79,137.92,110.84,93.48,67.76,316.91,74.75,64.44,373.36,477.89,106.68,60.7,213.05,442.3,147.05,199.35,932.5,586.81,76.88,126.04,116.07,1308.0,19.93,27.72,1054.03,190.33,213.51,335.57,71.29,218.07,531.86,180.95,492.11,485.99,10.8,282.97,318.63,24.2,105.76,174.24
2024-07-10,127.07,168.14,103.05,249.13,321.67,34.25,223.87,232.75,280.35,41.12,77.11,95.59,329.91,66.66,85.55,202.71,57.43,57.53,140.45,242.2,139.37,110.79,93.78,68.75,315.35,75.77,64.19,379.17,483.39,113.17,60.73,211.98,444.74,149.43,200.37,939.78,586.82,77.06,127.3,117.44,1324.1,19.92,28.35,1071.12,192.33,215.4,337.34,72.07,220.58,536.87,180.18,500.93,491.62,10.89,288.31,321.35,24.41,106.9,173.49
2024-07-11,130.82,169.91,104.18,256.3,325.09,35.22,224.94,236.8,295.52,40.75,76.89,94.46,333.56,67.25,88.58,210.88,58.07,58.21,143.5,246.27,140.25,112.66,92.85,69.97,317.51,76.49,65.1,379.73,487.78,118.0,62.29,219.44,443.5,149.7,206.25,934.14,575.23,78.07,128.97,122.82,1358.18,20.88,28.66,1080.27,199.78,217.84,338.09,76.37,224.48,542.69,183.95,504.36,492.13,11.19,301.48,333.3,25.71,108.19,177.74
2024-07-12,132.23,170.28,104.22,242.65,330.83,35.32,229.11,230.06,304.15,40.46,77.69,94.1,334.79,67.86,90.81,216.19,57.58,59.0,144.11,246.7,141.55,114.06,90.99,69.96,324.32,77.69,65.15,382.22,492.74,116.09,63.66,224.17,444.16,149.88,206.17,948.4,576.66,77.95,127.76,121.46,1359.21,21.3,28.92,1100.05,204.83,221.72,339.37,77.31,220.47,548.09,184.43,511.53,488.74,11.24,302.4,322.98,25.53,108.69,179.04
2024-07-15,131.01,168.03,102.96,240.27,330.15,33.97,226.08,221.58,302.11,40.15,78.02,93.74,331.42,66.0,88.67,216.25,57.84,58.67,144.59,246.23,135.95,113.01,89.5,70.81,316.98,77.34,65.84,384.21,482.7,116.56,64.25,225.89,437.25,149.24,207.49,950.46,578.26,77.08,128.12,121.48,1358.54,20.73,29.1,1082.11,205.31,220.5,328.56,77.21,219.84,544.68,178.68,515.37,490.85,11.0,302.93,320.11,25.56,106.53,177.98
2024-07-16,136.06,169.2,102.72,247.54,333.14,35.54,230.7,225.02,314.52,41.2,78.14,95.41,339.71,69.11,90.14,227.31,57.85,60.06,148.6,252.14,137.72,116.06,87.73,71.64,318.91,78.46,67.59,395.6,499.52,125.23,64.0,232.97,438.01,151.01,216.5,941.6,583.95,78.1,125.44,125.14,1382.89,20.81,29.5,1094.99,206.8,227.64,333.43,79.82,229.28,555.42,183.88,548.87,488.98,11.38,316.73,329.11,26.81,107.46,182.91
2024-07-17,133.5,175.27,104.68,250.58,335.67,35.68,234.05,228.33,318.64,43.15,77.41,95.97,344.76,67.8,90.96,223.15,58.1,61.6,148.48,251.25,139.68,114.61,87.31,73.3,322.98,78.89,71.22,402.17,496.47,119.89,65.3,230.29,426.23,156.58,215.78,905.59,582.06,81.26,125.89,124.055,1378.24,21.16,30.03,1085.62,205.95,228.71,334.64,78.29,230.3,555.06,183.77,573.28,488.37,11.84,314.38,327.04,27.54,111.05,182.05
2024-07-18,131.97,171.14,100.07,250.66,330.97,35.68,231.74,225.25,300.27,42.39,75.55,95.3,340.52,65.69,91.32,218.58,57.99,59.91,146.84,244.79,136.06,110.7,85.81,73.51,321.73,77.66,70.67,388.89,470.74,115.79,65.37,224.85,416.14,155.42,214.65,848.9,578.43,81.21,124.25,121.32,1356.07,20.97,29.71,1067.26,203.88,225.45,331.23,75.92,220.27,540.62,181.48,564.34,488.12,11.77,308.98,316.34,26.41,111.39,179.23
2024-07-19,131.78,172.32,102.03,251.6,331.29,35.35,230.74,226.4,296.82,42.64,77.56,95.03,335.84,66.24,90.75,218.24,57.91,59.57,146.01,243.54,137.95,111.66,86.5,72.56,322.16,78.11,70.34,387.38,468.2,114.49,65.87,224.57,455.01,154.69,211.37,857.47,580.13,79.48,125.77,121.14,1344.26,20.98,29.97,1063.6,203.15,224.29,340.95,75.46,221.79,534.35,180.82,565.33,491.57,11.84,302.72,317.92,26.36,110.5,178.58
2024-07-22,133.42,173.61,103.72,249.31,335.97,35.36,231.09,226.63,301.92,42.67,78.27,95.42,335.79,66.14,91.47,227.62,58.23,58.33,147.35,250.89,139.96,111.65,87.99,72.41,325.38,78.38,70.95,384.96,475.29,117.61,65.19,245.23,461.12,154.24,214.34,865.97,583.0,79.3,125.69,122.5,1372.62,21.54,29.6,1069.74,207.28,228.77,342.39,77.77,222.59,546.42,182.17,558.53,495.91,11.67,307.22,318.02,26.39,110.33,180.76
2024-07-23,130.65,173.15,103.92,250.65,333.24,35.27,234.33,224.29,305.22,42.98,78.59,95.84,336.17,64.89,90.67,220.28,58.42,57.97,140.96,264.18,141.86,112.13,87.05,71.17,340.17,78.1,69.99,385.87,470.41,115.6,65.8,238.79,455.06,152.35,207.09,878.29,585.74,79.4,124.38,121.25,1361.6,21.46,29.5,1055.5699,209.53,231.7,341.73,76.51,223.37,552.24,185.3,554.7,490.32,11.5,300.83,316.18,26.06,110.0,179.38
2024-07-24,134.16,176.21,107.26,244.8,335.61,35.49,237.34,226.03,309.91,44.66,77.76,96.71,342.21,66.12,91.99,222.41,58.4,58.54,143.91,265.76,143.81,111.94,86.95,73.5,343.94,78.34,70.29,386.3,471.34,116.29,66.91,238.75,454.02,156.28,209.49,859.88,589.99,79.97,125.92,118.19,1384.56,21.63,29.98,1060.86,206.2,231.72,340.42,77.61,224.57,574.73,185.97,559.75,490.8,11.7,305.31,323.77,26.24,110.55,179.66
2024-07-25,134.98,182.17,105.96,226.05,334.3,35.09,232.78,227.44,315.17,45.27,74.26,96.91,341.15,67.4,92.68,221.81,58.45,58.65,144.25,270.09,142.5,107.85,59.7,76.51,352.79,77.88,71.04,386.4,470.68,117.3,68.57,232.29,436.74,159.64,209.72,821.19,595.73,78.46,125.85,120.4,1411.0,22.07,30.18,1064.1899,208.34,227.56,327.44,78.67,222.49,594.5,204.99,559.68,492.26,11.76,310.29,277.16,26.43,110.64,180.76
2024-07-26,137.32,185.16,105.24,220.45,334.85,35.51,237.3,211.17,319.42,50.45,74.92,98.35,343.64,73.1,93.21,233.47,58.68,61.0,145.59,273.91,137.41,64.0,62.37,77.01,354.78,78.63,72.31,392.63,469.71,120.43,68.61,239.67,441.3,160.64,210.9,804.62,600.16,78.7,125.26,122.11,1450.08,22.19,30.77,1078.63,197.04,232.79,331.67,80.6,220.3,607.14,213.69,569.72,495.26,12.08,317.96,284.76,26.41,111.29,179.84
2024-07-29,137.38,181.94,104.77,223.96,332.51,36.02,237.84,214.43,325.63,48.98,75.59,98.18,346.54,73.48,92.61,237.92,58.98,61.57,142.14,271.65,139.16,67.48,63.74,77.73,358.73,79.64,71.47,392.12,472.63,121.56,68.59,237.25,443.66,158.56,210.75,807.79,606.71,80.0,127.78,122.17,1452.0,22.48,30.72,1077.1899,208.54,236.32,333.28,79.72,222.63,604.12,217.43,566.75,498.15,11.9,321.54,288.12,26.46,110.79,181.83
2024-07-30,139.49,186.78,105.32,231.16,333.28,35.91,241.74,211.89,340.23,49.05,74.03,100.26,352.77,77.1,92.69,245.29,59.04,63.18,142.89,275.19,136.47,69.7,63.64,78.05,361.35,82.51,72.44,404.52,474.69,122.5,67.79,245.57,432.69,161.33,213.06,790.21,609.72,80.81,115.25,118.84,1509.56,22.27,31.39,1077.8,208.04,237.24,330.22,81.97,222.71,615.06,215.1,576.33,502.6,12.13,327.66,299.51,26.78,111.37,181.83
2024-07-31,141.4,185.32,105.94,231.88,332.47,35.82,241.06,213.2,338.36,47.56,73.88,100.83,348.67,76.92,93.33,244.1,59.34,60.33,142.3,277.08,136.62,67.82,63.05,76.06,363.05,81.61,71.94,361.61,476.12,122.6,65.07,246.23,444.61,157.85,215.44,804.27,617.02,80.32,113.13,119.22,1521.03,21.86,30.54,1079.1899,213.25,238.76,327.45,81.59,220.92,613.34,213.76,576.16,495.72,12.06,336.28,306.17,27.14,111.35,180.04
2024-08-01,142.86,189.71,110.15,228.33,335.53,36.01,236.01,210.7,341.25,48.17,75.16,103.39,332.6,77.91,94.2,242.84,59.78,60.03,147.67,280.76,137.52,70.32,61.86,76.49,363.12,83.2,72.78,358.98,477.84,122.35,64.42,248.36,450.94,160.76,233.39,832.44,629.09,80.49,113.82,94.17,1515.35,21.65,30.65,1093.14,214.56,241.01,333.17,82.35,235.95,621.77,215.82,572.77,505.78,11.96,352.53,302.31,26.73,111.12,182.42
2024-08-02,139.04,189.29,111.31,213.49,333.99,35.27,241.87,205.66,335.93,48.77,74.5,101.6,337.33,78.09,93.27,233.6,59.59,59.32,150.08,276.75,139.52,72.3,60.83,76.77,356.36,83.64,71.02,363.62,468.63,117.7,64.47,241.78,449.73,164.14,236.0,804.46,630.38,81.51,115.2,86.58,1441.43,20.91,30.43,1082.1899,223.64,242.6,331.56,80.17,237.13,615.69,213.21,589.83,494.46,11.87,345.66,300.28,25.49,110.36,180.59
2024-08-05,134.7,184.36,108.63,207.94,325.22,34.64,235.78,198.39,328.68,47.59,72.96,98.36,325.71,77.43,91.41,226.4,59.15,57.81,145.79,269.32,135.41,72.43,60.7,74.83,350.18,82.36,69.56,356.29,455.08,115.47,62.0,233.65,438.0,161.25,228.57,775.26,612.95,80.33,112.31,83.75,1374.65,20.19,29.74,1071.28,215.68,237.9,315.94,77.66,233.33,598.03,211.0,569.96,476.91,11.56,328.83,301.6,24.48,107.04,174.82
2024-08-06,136.26,185.71,109.5,206.36,328.95,36.92,235.51,200.13,326.93,47.31,73.76,99.52,329.29,75.44,92.49,228.8,59.56,58.34,146.89,268.97,136.99,75.25,62.01,74.19,352.93,82.45,63.92,355.25,469.37,116.36,61.27,237.26,447.66,158.97,225.87,793.18,614.32,80.78,111.15,82.3,1382.47,18.65,29.32,1066.1899,218.83,239.18,322.67,78.42,230.83,602.02,212.11,568.35,474.29,11.35,330.89,304.46,24.15,109.57,185.29
2024-08-07,133.96,187.51,109.94,204.03,312.5,36.59,232.62,199.78,318.69,46.5,73.78,99.71,329.01,74.78,91.8,199.96,59.52,56.47,146.13,263.31,133.98,69.32,61.07,74.0,352.27,81.89,65.77,345.56,467.07,121.1,60.29,229.62,449.26,158.9,219.36,772.14,617.51,81.09,112.49,81.55,1357.95,19.05,28.85,1067.8,210.94,233.53,319.6,70.96,225.31,587.37,212.07,566.08,465.89,11.36,321.85,293.77,23.63,105.81,184.77
2024-08-08,136.76,190.4,109.76,214.15,324.69,37.42,234.39,204.07,328.36,46.85,75.55,98.92,335.02,75.52,93.09,201.93,59.72,57.85,150.06,268.64,138.88,71.5,63.29,75.59,360.67,83.39,68.16,350.32,483.91,126.7,61.78,236.07,463.61,160.22,224.74,845.31,547.51,82.21,113.92,84.32,1395.33,19.56,28.76,1113.35,214.19,239.68,325.99,73.37,230.0,600.04,218.4,566.24,465.96,12.1,333.34,293.02,24.34,108.7,188.3
2024-08-09,136.9,189.93,108.71,214.92,322.49,37.15,235.9,202.0,325.29,46.72,76.19,100.67,336.14,76.0,93.13,200.97,59.68,57.11,149.31,268.11,140.3,69.76,64.64,73.66,360.9,83.64,68.94,350.83,482.84,123.56,61.08,237.47,463.425,160.62,226.46,891.68,541.15,82.04,114.55,84.93,1397.26,20.15,28.55,1131.24,216.59,235.98,327.83,71.77,229.59,596.18,215.22,558.76,468.45,11.78,332.7,287.85,24.13,108.08,185.25
2024-08-12,135.6,190.18,107.8,213.57,320.0,36.93,234.13,201.04,318.41,47.06,75.94,100.66,328.1,75.67,90.97,194.31,59.68,55.81,150.42,267.2,143.63,71.27,65.54,72.99,361.4,81.77,67.89,348.29,479.93,124.54,61.12,231.46,465.53,159.88,223.34,884.38,551.0,81.19,113.48,81.29,1378.14,19.46,28.45,1121.09,214.65,233.94,325.2,71.78,228.31,599.07,217.74,565.29,464.51,11.57,333.42,290.56,23.96,107.0,183.81
2024-08-13,137.42,191.23,108.24,219.83,323.45,34.51,236.28,204.05,326.0,49.06,75.92,102.58,332.72,76.35,91.99,203.49,59.71,55.82,150.77,268.71,145.84,71.02,66.35,73.98,368.86,81.55,69.44,356.84,487.82,119.72,62.02,238.44,469.23,158.39,224.55,908.05,551.75,82.27,114.39,82.9,1420.3,20.29,28.85,1158.33,220.27,233.79,328.99,73.45,232.07,604.21,220.48,574.24,467.59,11.57,338.83,295.42,24.65,109.31,188.38
2024-08-14,136.03,193.0,109.89,220.03,322.73,35.53,234.08,200.59,320.45,48.41,76.42,106.36,334.9,77.03,91.42,198.55,59.4,55.99,149.85,268.08,148.88,70.05,66.5,74.14,371.58,80.99,68.51,356.38,474.94,122.28,61.18,236.21,471.21,158.48,221.33,931.68,552.83,81.74,113.58,82.25,1402.55,19.97,28.88,1156.86,222.21,232.79,332.68,72.75,232.65,602.1,221.85,579.67,471.44,11.4,336.49,292.21,24.73,108.63,183.38
2024-08-15,139.89,193.4,110.94,235.33,325.39,35.73,234.02,201.63,325.62,49.11,77.58,107.91,336.7,78.51,92.0,202.09,59.81,57.56,149.69,269.33,149.96,72.36,68.12,74.34,371.89,80.55,69.78,357.23,485.52,128.8,61.68,240.91,480.17,159.09,224.56,931.58,545.41,83.65,113.31,86.62,1434.78,20.22,28.71,1175.33,227.22,230.32,334.17,74.91,237.7,603.69,223.27,579.61,472.0,11.67,340.68,292.6,25.66,109.9,184.08
2024-08-16,140.04,193.9,111.0,240.35,321.44,36.12,236.33,201.91,325.58,49.36,78.25,109.85,342.32,78.11,94.14,201.87,59.55,58.35,151.38,269.32,150.3,74.65,68.92,73.78,373.77,81.48,69.79,350.36,492.26,130.31,62.16,239.63,478.98,159.39,227.5,922.12,547.71,84.6,113.67,86.84,1417.58,20.35,28.3,1179.3101,227.75,232.34,337.89,74.52,239.25,603.98,226.44,577.68,477.37,11.66,339.98,300.41,25.51,110.65,183.71
2024-08-19,140.51,196.87,111.9,240.01,327.97,36.46,235.9,206.06,326.33,49.3,78.68,109.79,342.33,78.3,95.22,204.02,59.41,58.8,151.12,271.27,152.17,77.69,68.26,74.45,374.21,81.35,69.82,353.25,496.99,135.9,63.26,243.11,482.16,159.63,226.16,921.81,548.4,84.82,114.42,89.96,1434.79,20.96,28.8,1196.88,231.3,233.57,341.06,74.99,238.0,607.6,227.52,578.78,488.05,11.83,340.26,301.68,25.54,111.77,184.48
2024-08-20,139.75,196.15,110.77,233.23,328.55,36.22,234.74,205.49,318.69,48.98,78.48,108.88,342.6,78.16,95.89,202.5,59.44,58.9,150.91,271.66,147.58,72.85,69.38,74.75,375.31,80.91,69.0,356.98,494.01,132.51,64.38,246.94,483.21,160.16,225.68,949.97,548.52,85.38,115.14,86.94,1430.93,20.8,28.9,1192.23,223.15,233.27,342.93,72.34,237.04,614.54,227.56,580.65,487.37,11.66,336.16,299.12,24.31,111.64,183.6
2024-08-21,139.99,196.53,111.39,235.13,329.15,36.18,234.85,206.18,316.23,48.44,78.81,109.65,342.4,78.4,93.66,204.38,59.41,58.32,152.97,271.1,150.6,73.2,70.09,75.13,376.67,80.02,69.87,358.57,494.99,132.62,64.15,247.0,487.42,161.43,228.83,951.97,558.24,87.54,116.03,86.65,1431.83,21.03,29.03,1185.34,224.3,234.38,345.32,72.65,238.27,610.17,227.8,578.07,486.11,11.72,337.34,304.31,24.59,112.13,182.9
2024-08-22,140.22,196.37,112.1,228.69,324.53,36.49,235.3,203.32,310.03,47.62,79.58,110.43,346.47,78.23,94.11,201.33,59.26,57.74,152.84,267.83,152.35,72.28,71.3,75.9,383.12,80.09,69.84,354.75,491.73,129.33,63.02,244.96,490.43,162.35,230.18,954.17,560.9,87.83,116.55,81.04,1423.44,20.89,28.78,1187.66,223.41,234.14,350.72,71.35,239.07,603.86,229.29,578.72,479.89,11.7,336.09,300.52,24.14,113.42,182.17
2024-08-23,140.87,197.55,112.69,233.97,328.8,37.54,236.38,205.0,314.94,48.11,79.17,109.44,353.99,78.55,94.62,205.27,59.44,58.75,153.56,269.48,153.99,74.07,70.88,76.72,388.78,80.25,70.82,352.9,488.13,131.39,64.14,248.93,486.55,164.13,230.89,952.74,552.15,88.35,116.6,82.44,1435.94,22.36,28.9,1199.12,226.64,236.01,353.29,72.29,242.41,606.12,233.14,584.51,481.24,11.76,342.42,302.78,25.31,115.05,180.9
2024-08-26,140.49,197.44,112.7,231.65,326.78,37.93,236.27,204.86,313.42,48.24,79.47,109.61,353.94,77.67,94.45,204.6,59.35,58.7,153.9,268.07,154.75,73.67,68.75,76.96,388.5,79.75,70.9,353.0,484.07,130.42,65.16,247.86,479.19,164.61,230.19,950.53,547.47,89.34,116.27,81.66,1422.02,23.03,28.92,1199.37,225.86,235.07,354.3,71.34,241.76,605.59,233.04,587.13,482.64,11.75,336.59,303.49,25.28,114.63,181.56
2024-08-27,141.1,195.92,113.1,236.28,326.93,37.91,237.97,203.3,319.37,48.12,79.83,110.08,353.89,78.0,94.35,203.3,59.4,57.46,153.6,268.82,154.85,72.24,69.63,77.0,390.18,79.71,72.16,353.45,482.56,130.9,65.63,248.6,482.35,162.95,230.21,954.48,550.72,88.8,116.5,78.98,1422.59,22.41,28.82,1201.76,242.25,236.43,358.51,71.03,241.81,610.4,235.36,587.35,480.3,11.69,336.77,302.63,25.39,114.67,182.1
2024-08-28,141.06,195.4,112.9,230.93,329.49,37.82,238.9,204.2,328.75,49.06,79.52,111.04,357.93,78.17,94.54,196.96,59.8,57.24,154.88,266.06,153.58,70.48,68.65,78.56,390.18,80.38,70.48,352.43,481.48,131.7,65.64,247.55,482.21,163.92,230.7,948.94,556.7,88.33,117.4,78.36,1423.18,22.47,28.75,1199.29,242.69,237.07,356.15,71.6,241.92,613.14,236.83,588.54,489.73,11.9,340.94,297.61,24.73,114.19,182.91
2024-08-29,142.53,195.18,112.76,235.15,331.01,38.16,240.97,204.82,333.71,49.72,80.67,112.2,361.06,78.29,105.73,199.29,60.95,56.97,156.23,267.02,153.24,69.62,70.12,79.45,392.79,80.76,70.82,351.36,487.28,133.78,65.91,250.79,487.17,164.23,229.69,940.2,556.15,88.19,117.46,77.59,1431.23,22.31,28.72,1178.9301,243.16,237.71,357.93,74.52,243.54,611.68,235.69,591.57,493.35,11.89,344.71,314.79,25.34,114.67,182.89
2024-08-30,142.92,196.31,113.27,237.22,333.83,37.94,242.41,204.76,337.32,49.95,81.79,112.72,361.81,78.83,105.73,197.75,60.96,57.24,156.97,269.31,150.92,69.34,69.96,79.0,395.59,81.24,70.55,354.47,481.33,131.4,65.66,251.55,492.63,165.86,229.89,960.02,561.08,88.58,118.45,77.4,1439.08,22.35,29.01,1184.6899,245.02,241.1,360.42,73.99,245.17,615.07,237.97,590.2,495.89,12.08,346.35,313.63,25.29,115.46,183.49
2024-09-03,138.96,197.69,114.66,226.5,330.51,37.85,242.18,204.84,334.31,50.52,81.14,114.66,365.48,80.23,106.06,192.04,60.7,57.38,156.97,264.23,151.98,72.36,68.75,79.7,395.83,82.16,70.46,363.53,469.01,130.26,66.31,248.81,483.44,167.16,229.71,956.53,573.95,88.96,116.58,72.94,1398.06,22.08,28.3,1168.8101,244.9,243.15,359.62,71.73,244.84,606.43,236.47,598.68,475.7,11.89,339.75,304.15,25.0,116.17,183.57
2024-09-04,138.16,197.01,114.4,222.34,330.64,37.53,236.34,204.95,330.91,49.96,81.96,113.91,366.64,73.26,105.54,191.77,60.72,59.3,155.39,264.49,151.37,69.82,68.93,79.13,394.3,81.62,69.45,371.4,471.29,128.59,64.33,248.84,481.73,167.36,228.08,946.31,571.28,91.03,115.8,72.49,1387.64,22.22,28.39,1179.37,244.75,240.41,360.3,71.12,244.96,611.9,238.6,604.18,478.57,11.78,331.56,304.72,25.55,114.48,187.33
2024-09-05,138.36,192.86,113.1,226.52,324.36,38.82,233.25,201.8,333.28,49.8,81.37,111.77,355.12,72.66,106.5,191.19,60.4,58.07,154.23,264.71,148.74,69.05,66.02,78.77,397.75,80.99,69.86,365.14,469.18,129.76,62.96,248.14,476.69,164.99,227.34,912.75,514.75,89.39,118.59,73.44,1386.51,21.36,28.51,1150.5601,244.78,239.05,358.0,72.37,243.15,606.88,239.31,595.49,468.57,11.67,331.31,300.3,25.08,104.47,186.59
2024-09-06,137.2,193.4,113.86,221.15,320.56,38.96,232.67,200.81,329.75,48.7,81.6,111.77,353.49,70.83,106.59,187.96,60.01,57.75,152.93,266.2,149.98,68.61,66.81,78.72,387.98,81.57,68.81,357.86,472.35,124.39,61.26,243.07,471.82,164.38,223.91,902.71,504.17,89.89,117.84,72.89,1374.68,20.49,28.56,1131.5,244.87,239.82,358.92,71.49,244.53,611.33,229.15,596.88,468.0,11.27,328.84,297.24,25.55,104.81,189.23
2024-09-09,138.09,196.42,116.43,221.38,325.92,39.23,237.22,199.27,323.09,48.5,82.65,112.8,357.61,70.84,108.03,188.16,59.91,56.47,154.29,273.09,150.24,69.71,65.71,79.17,384.95,82.69,68.89,343.76,480.34,122.54,62.26,240.87,479.39,166.61,226.91,908.27,509.42,90.62,115.41,76.61,1384.77,20.18,29.41,1144.77,249.56,245.5,362.78,72.09,245.04,620.42,226.51,594.1,471.11,11.13,332.1,302.03,25.36,104.83,191.73
2024-09-10,138.03,199.35,117.11,227.15,328.93,39.21,235.69,200.64,324.21,49.28,83.06,114.37,358.1,71.0,108.34,190.02,59.75,56.94,152.86,274.72,153.55,68.55,67.14,81.44,386.43,81.96,67.55,346.42,495.95,124.13,63.13,235.2,484.24,167.38,220.33,901.25,505.73,90.99,115.33,79.28,1394.09,20.09,29.74,1136.35,252.86,247.17,365.05,73.78,246.8,624.21,225.68,599.03,470.78,11.17,328.16,305.55,25.075,105.16,191.36
2024-09-11,138.7,194.59,116.6,225.15,329.98,39.27,233.69,199.09,319.2,48.59,82.94,113.35,357.78,73.47,108.51,193.59,59.63,56.11,153.56,271.98,153.99,68.47,68.25,80.94,388.65,80.01,67.05,328.19,490.26,124.83,63.13,237.3,490.93,164.82,218.29,920.89,510.45,90.35,114.71,79.51,1388.52,20.16,29.66,1141.45,252.92,242.06,366.35,73.49,244.53,618.46,229.77,589.75,474.74,11.34,326.73,302.35,24.73,105.15,189.99
2024-09-12,136.39,194.02,116.83,228.86,330.06,39.38,235.5,197.89,321.93,48.24,83.83,112.39,362.17,74.82,108.86,194.32,59.69,57.53,154.76,272.49,157.64,68.82,68.13,83.16,391.67,80.42,68.17,324.5,497.04,126.25,63.36,238.4,494.01,164.64,220.06,935.02,511.17,90.0,115.25,69.68,1373.4,20.29,29.16,1164.46,250.71,246.48,367.79,73.2,242.73,614.16,231.36,588.42,478.65,11.75,322.08,297.48,25.39,105.14,190.71
2024-09-13,137.31,194.21,116.4,243.73,332.45,39.72,234.18,195.63,326.22,49.13,83.31,113.17,364.72,75.35,110.53,198.61,59.62,57.98,154.38,274.25,163.56,69.51,68.52,82.81,394.68,81.15,70.38,321.56,500.55,129.18,63.56,238.7,489.86,165.52,221.13,923.71,518.81,90.0,115.86,68.28,1383.06,20.47,29.27,1153.35,248.93,244.83,370.25,74.67,246.05,611.17,232.56,594.32,485.37,11.66,325.86,300.67,26.28,106.26,191.09
2024-09-16,138.31,195.73,117.63,249.56,335.26,40.26,234.04,199.58,330.26,49.99,83.51,113.28,366.85,76.57,111.23,203.73,60.16,58.37,156.36,276.03,165.19,70.09,69.36,83.16,403.43,82.7,69.87,315.23,511.38,129.52,66.41,239.38,491.39,166.99,225.76,923.54,519.82,90.11,117.96,69.17,1393.25,20.88,30.07,1153.08,251.77,243.73,371.96,74.76,246.05,614.15,234.99,589.14,489.43,11.81,328.65,296.78,26.08,107.43,194.25
2024-09-17,138.35,193.45,118.13,253.16,332.8,39.81,231.27,198.21,333.66,49.49,82.52,111.32,356.23,75.39,109.83,206.21,60.35,57.83,155.38,272.47,164.22,68.94,67.23,83.05,397.5,82.0,71.24,311.8,512.27,130.21,66.43,239.98,483.32,167.07,227.01,906.18,513.91,88.63,118.29,71.99,1383.47,20.55,29.83,1146.75,250.88,241.68,363.95,75.28,241.44,610.49,232.28,577.96,481.26,11.82,328.97,295.86,26.69,106.24,195.71
2024-09-18,139.01,192.94,114.88,253.01,332.92,39.37,231.59,197.59,340.45,49.74,82.57,111.41,355.39,76.32,110.53,206.1,60.32,58.42,155.48,271.9,163.16,69.46,67.53,83.89,399.89,81.72,72.46,315.29,511.3,130.97,65.17,242.67,482.09,166.15,227.22,904.97,511.62,88.13,118.64,69.86,1402.69,19.97,29.75,1138.8101,238.03,238.38,361.36,76.51,241.53,610.12,234.69,580.65,474.16,11.9,333.37,309.18,26.71,106.28,196.48
2024-09-19,141.95,193.62,114.15,257.17,335.95,38.76,234.63,201.44,344.6,49.02,83.71,110.76,357.26,75.63,111.1,209.62,60.11,58.4,155.12,276.43,163.14,71.92,67.26,83.9,403.52,82.4,72.54,312.0,517.06,134.39,66.82,244.62,490.01,164.82,224.59,915.04,508.16,89.47,117.23,68.02,1443.03,20.18,29.66,1150.1899,242.98,239.46,365.05,80.36,245.68,620.25,237.79,577.07,477.9,11.9,338.45,311.2,26.9,106.34,193.24
2024-09-20,140.09,193.47,113.7,252.85,337.38,38.49,233.5,199.36,330.01,49.41,83.92,111.84,356.14,75.61,110.49,205.79,60.0,57.51,152.99,272.63,164.0,70.43,66.83,83.94,404.66,81.39,71.15,310.41,506.74,131.2,65.74,242.12,486.2,164.16,222.22,921.49,508.0,89.34,117.17,65.69,1406.11,19.49,29.42,1145.03,244.94,236.98,364.81,78.3,242.5,613.69,238.02,575.0,464.92,11.39,336.56,308.15,26.29,106.42,192.64
2024-09-23,139.79,193.83,114.81,253.16,335.61,39.0,234.73,195.81,326.6,50.01,84.0,111.84,354.94,75.35,109.81,203.77,59.75,57.57,153.98,273.15,161.58,69.7,67.36,83.99,405.7,81.46,71.63,312.77,507.66,130.1,64.12,240.73,489.07,163.22,224.72,918.52,505.0,89.86,115.63,64.14,1405.9,19.72,29.31,1091.98,246.18,239.38,366.53,77.21,244.87,610.35,240.59,573.41,460.0,11.47,339.71,306.73,26.17,107.57,193.59
2024-09-24,141.87,193.51,113.34,249.01,330.92,38.98,236.95,194.12,327.89,50.94,83.51,110.19,353.17,74.4,109.85,200.62,60.14,58.08,153.08,274.2,161.57,68.66,66.33,83.79,401.8,81.21,70.7,312.23,506.38,128.82,63.7,239.57,484.4,162.78,220.6,924.43,480.49,89.76,114.96,63.94,1442.66,19.66,29.5,1045.98,247.15,238.24,361.0,77.42,245.9,611.88,241.52,575.19,462.99,11.45,343.84,309.71,26.09,107.81,193.69
2024-09-25,139.44,191.26,112.61,242.45,312.86,38.34,235.2,189.07,315.55,49.95,83.5,108.82,348.86,74.12,108.41,192.9,59.86,58.64,152.49,267.88,164.11,66.73,65.41,82.21,405.11,79.86,69.83,311.95,497.76,126.15,63.22,231.71,484.39,160.6,218.61,924.56,479.14,89.39,114.73,63.64,1420.36,19.03,28.93,1031.15,240.75,236.41,359.5,74.95,245.02,599.78,241.24,576.31,461.76,11.27,340.0,303.33,25.73,106.5,191.53
2024-09-26,146.74,191.9,112.73,249.46,319.1,38.71,237.27,193.6,332.1,50.12,83.08,109.23,344.99,73.7,109.54,198.26,60.29,59.01,154.42,276.93,162.26,67.53,65.77,83.04,403.86,80.1,70.86,313.04,509.03,132.27,65.13,236.23,486.33,161.39,220.24,909.32,479.06,89.45,113.09,63.93,1491.02,19.17,28.97,1039.96,242.56,236.75,361.35,78.06,244.95,619.33,239.67,574.81,463.15,11.62,355.68,307.14,26.51,107.71,194.87
2024-09-27,148.06,194.79,112.43,254.81,322.67,38.91,241.51,194.67,331.77,50.91,83.35,109.79,347.7,74.58,109.78,198.31,60.33,61.38,154.8,275.44,163.08,67.29,66.58,83.61,403.28,80.82,73.22,319.57,511.78,130.12,65.83,234.79,479.18,161.4,222.1,877.79,488.25,89.32,113.69,65.75,1478.92,19.18,29.09,1042.6899,239.0,239.05,360.27,78.72,246.83,614.42,229.92,581.85,462.88,11.55,357.33,311.0,27.05,108.22,194.81
2024-09-30,148.48,197.48,114.01,254.32,322.21,37.97,241.1,193.84,334.58,51.74,83.8,110.52,346.44,75.28,110.34,196.97,60.57,62.88,155.25,278.02,163.93,67.04,65.99,83.84,406.43,81.46,72.9,316.74,505.22,130.41,66.1,236.97,491.27,162.06,223.48,885.94,494.42,90.03,113.56,66.83,1499.7,19.13,28.94,1051.24,244.12,242.54,361.26,79.93,247.32,618.57,229.01,584.68,465.08,11.61,359.89,300.16,27.06,107.95,195.38
2024-10-01,146.56,196.96,113.56,245.35,320.32,36.91,241.67,190.8,337.69,52.9,84.14,110.33,348.09,73.94,108.36,194.08,60.23,61.54,153.95,274.56,162.75,66.0,65.1,83.94,405.45,80.56,71.94,279.45,495.42,128.98,68.06,231.37,484.76,161.99,219.2,884.48,498.48,90.0,114.74,63.93,1477.64,18.83,28.67,1046.91,238.75,235.78,357.27,78.17,245.13,612.94,224.66,583.3,469.76,11.49,358.33,299.8,26.12,107.34,194.42
2024-10-02,146.54,196.82,113.64,238.06,319.73,35.97,239.76,188.74,342.62,53.76,84.49,110.21,340.71,72.62,107.8,192.9,60.45,62.24,154.86,273.91,159.11,67.1,65.15,84.74,403.85,79.77,71.21,246.49,485.97,139.02,67.63,231.76,486.62,161.17,219.0,891.07,488.78,89.12,112.08,63.16,1498.12,18.58,28.61,1040.27,238.86,234.73,355.11,77.43,243.93,612.72,224.0,592.31,462.14,11.47,355.05,299.81,25.0,105.69,192.46
2024-10-03,144.55,195.45,112.23,236.97,317.48,35.08,237.36,184.78,337.09,54.2,83.82,110.35,340.56,72.04,106.97,189.59,60.71,62.92,152.13,270.52,159.07,65.68,65.37,84.17,392.46,79.22,70.54,241.78,483.52,136.36,67.04,227.4,479.63,160.5,215.07,885.55,482.27,87.77,110.18,61.07,1463.4,18.26,28.34,1014.59,238.43,232.86,351.61,74.0,239.54,600.92,215.17,592.75,453.55,11.43,354.4,297.31,24.71,104.19,190.99
2024-10-04,144.97,194.29,112.64,241.35,319.66,36.32,238.22,185.68,343.7,53.96,84.54,111.98,341.7,72.08,105.92,190.74,60.59,64.59,150.79,270.03,160.69,68.11,65.49,84.59,394.07,80.24,70.56,240.03,477.67,141.43,67.49,229.84,481.95,160.29,216.0,887.16,485.42,88.26,109.77,60.2,1452.82,18.29,28.58,1012.82,233.98,231.02,351.22,74.78,239.18,598.61,215.68,591.2,455.31,11.59,352.51,296.5,25.22,104.68,190.03
2024-10-07,143.89,193.61,113.36,234.85,317.45,35.77,237.46,183.34,341.02,53.44,84.41,111.76,340.27,71.49,105.49,189.22,60.61,65.25,146.9,268.79,157.54,68.62,64.54,84.43,382.53,79.88,69.3,236.29,472.41,140.66,65.76,225.36,471.23,159.53,212.04,898.4,483.67,87.04,108.59,58.72,1465.25,18.12,29.2,996.05,232.29,226.02,345.14,73.52,232.96,598.85,212.79,583.56,448.6,11.33,349.92,290.42,24.48,102.28,187.28
2024-10-08,144.61,193.01,114.63,234.06,317.68,37.12,237.17,182.3,339.22,52.48,85.84,112.62,343.93,71.34,105.61,186.83,60.75,65.9,148.78,268.81,154.35,69.43,68.54,85.21,378.58,80.26,69.99,243.2,475.53,139.66,65.74,226.72,480.785,159.69,212.66,913.72,495.09,88.14,108.52,58.39,1451.47,18.1,29.18,1005.26,236.06,227.22,350.79,73.74,234.95,595.45,212.5,581.58,458.94,11.32,358.91,286.48,24.48,101.77,187.37
2024-10-09,144.8,194.75,115.95,233.79,322.41,37.84,238.21,185.76,338.61,52.8,86.7,114.54,346.72,72.35,106.8,187.7,60.96,65.97,149.01,269.23,159.3,69.62,68.02,86.14,386.36,80.12,70.51,245.45,474.65,140.0,65.76,228.79,490.38,160.65,215.58,919.74,502.12,88.35,110.27,58.86,1450.6,18.03,30.19,1012.19,237.04,227.15,353.96,74.26,234.41,599.25,212.95,591.22,467.97,11.41,356.83,286.52,24.52,103.46,190.17
2024-10-10,142.74,194.35,115.62,229.65,321.01,37.03,235.54,188.59,333.4,52.4,86.2,113.84,350.5,71.62,106.3,191.43,60.71,66.85,147.81,266.45,159.43,69.56,68.26,84.67,387.25,79.92,70.04,251.44,473.28,143.76,65.37,230.25,483.84,160.51,214.9,910.69,506.25,88.85,109.4,56.83,1442.34,17.98,29.34,999.02,237.93,226.16,353.37,72.98,234.62,593.79,212.9,597.7,476.15,11.33,352.64,290.07,24.44,102.82,190.28
2024-10-11,143.82,194.19,116.12,222.04,328.35,36.54,236.5,188.38,336.92,52.2,87.1,112.51,350.3,72.44,106.74,192.97,60.45,66.63,148.67,270.33,160.85,69.21,68.13,84.95,394.54,79.81,70.53,258.07,476.27,145.54,66.12,229.26,484.78,161.46,216.39,932.06,505.59,89.36,109.73,58.29,1450.95,18.0,29.16,1015.67,240.51,226.9,355.6,73.36,236.03,596.92,214.33,598.05,481.71,11.38,357.97,294.91,24.53,103.5,190.08
2024-10-14,144.25,195.65,117.25,221.27,324.62,36.91,240.02,191.56,341.06,52.67,87.55,111.92,351.45,72.9,107.68,193.14,60.65,67.46,149.0,271.56,161.83,69.18,69.63,85.05,395.78,81.62,71.01,267.6,478.0,149.07,65.44,233.22,487.61,161.6,216.85,929.51,509.28,90.01,109.69,57.73,1456.89,18.1,29.08,1014.25,240.71,228.21,359.71,73.82,237.34,603.79,220.45,605.4,484.82,11.39,357.25,295.35,24.43,104.83,192.65
2024-10-15,144.58,191.86,116.05,219.15,325.09,36.65,241.82,191.55,342.16,52.76,86.77,111.98,348.84,68.48,108.55,193.87,60.66,65.0,149.35,272.68,164.57,67.1,68.9,85.82,401.26,81.66,71.1,257.6,473.92,147.61,66.29,232.98,478.47,164.1,216.68,913.32,513.67,89.84,111.53,57.31,1453.4,18.04,29.44,1016.53,239.18,226.7,358.98,73.59,235.38,600.52,225.34,556.29,484.3,11.84,360.0,291.04,24.31,104.6,192.39
2024-10-16,139.11,190.46,117.82,216.05,321.63,36.76,240.24,189.0,329.79,53.37,87.0,112.55,358.58,69.3,108.56,195.11,60.28,65.02,148.93,268.03,164.82,69.9,68.3,86.75,409.23,81.94,71.75,255.57,463.89,143.89,66.17,233.06,476.59,164.28,216.69,916.42,510.93,89.99,110.42,57.46,1404.47,17.94,29.67,1007.96,238.34,225.99,361.31,71.8,235.12,591.55,236.9,571.34,487.25,11.82,353.97,288.99,24.64,105.46,194.44
2024-10-17,137.42,188.57,117.89,216.02,321.33,36.65,240.33,189.55,343.98,53.18,86.42,111.93,353.12,63.0,106.78,197.78,60.09,63.67,148.96,271.98,160.1,69.55,68.47,87.36,406.48,80.47,71.67,266.34,460.01,143.52,66.43,233.89,473.73,164.47,215.13,917.12,508.72,89.79,109.75,54.82,1364.19,17.64,29.27,998.23,239.59,225.0,359.73,70.15,234.14,599.25,234.16,566.03,498.73,11.71,347.31,288.66,24.39,104.95,191.0
2024-10-18,138.83,188.86,119.39,219.7,321.66,36.86,243.75,190.16,346.37,53.22,88.07,112.41,336.0,62.02,108.26,197.77,60.29,60.34,149.65,274.38,161.97,72.38,70.27,86.72,415.54,81.57,72.39,267.14,457.74,146.07,66.39,236.69,521.15,165.12,215.77,917.97,509.2,92.24,108.7,54.1,1373.98,17.61,29.22,990.68,240.0,225.65,369.56,71.24,239.94,601.71,236.67,569.61,483.0,11.76,348.45,293.32,24.73,106.31,193.28
2024-10-21,136.76,186.54,116.99,216.56,316.74,36.57,240.52,184.65,343.12,52.12,88.05,112.32,320.23,61.0,106.72,195.04,60.18,58.17,147.37,272.09,161.54,72.61,70.05,86.29,410.76,81.15,71.59,260.57,453.38,145.21,65.27,231.19,518.86,162.83,214.13,906.13,508.32,91.03,106.34,53.8,1365.68,17.45,28.93,968.5,240.05,224.37,367.25,70.36,236.42,595.37,233.62,571.47,478.09,11.57,345.5,287.25,24.43,105.2,189.45
2024-10-22,133.46,188.76,116.12,210.81,319.66,36.59,239.71,185.9,339.84,52.76,88.01,112.23,317.46,61.06,105.83,185.94,59.92,56.85,157.47,261.28,163.16,73.08,69.24,88.16,408.17,81.58,71.19,262.31,461.49,144.06,65.59,228.3,517.5,163.45,220.51,909.15,505.38,91.12,106.64,53.4,1351.78,17.35,28.84,962.34,239.98,221.55,366.02,69.95,236.71,586.38,232.55,569.86,474.91,11.67,339.43,286.4,24.28,104.26,189.51
2024-10-23,133.03,187.88,117.01,207.66,314.9,36.47,240.52,182.98,335.08,53.06,87.45,111.92,317.57,59.82,105.32,186.63,59.4,56.78,157.12,256.0,162.78,72.48,70.61,87.23,410.03,81.35,70.22,258.65,457.9,142.94,65.17,228.31,512.58,165.86,219.9,903.25,501.76,92.27,106.38,53.39,1320.35,17.21,28.86,941.39,237.4,221.15,363.24,69.34,237.82,576.49,234.16,564.64,470.05,11.55,333.28,286.44,24.01,104.7,188.99
2024-10-24,130.69,189.65,116.54,216.42,315.69,36.73,238.62,183.86,328.08,52.92,85.1,112.16,318.24,61.62,107.3,182.73,59.5,56.12,157.99,248.0,161.38,74.85,70.35,88.78,398.9,80.91,70.88,258.58,452.27,141.39,65.24,211.71,511.63,163.67,230.07,891.32,504.96,90.99,105.88,52.8,1293.38,17.22,28.64,928.9,239.05,227.24,359.9,68.37,235.62,557.38,224.66,560.81,471.91,11.48,327.3,330.65,24.41,104.0,181.5
2024-10-25,130.19,187.85,114.22,219.3,316.98,35.97,238.13,181.69,320.23,51.92,84.73,110.89,316.85,64.22,107.82,182.12,59.09,56.49,155.04,245.39,156.99,73.44,69.38,89.0,363.55,80.83,70.0,260.73,451.41,141.95,65.07,214.63,511.27,160.88,228.63,892.7,507.41,90.59,103.98,53.09,1292.77,17.16,28.45,933.02,256.07,224.12,352.82,68.68,233.63,554.38,202.75,564.56,477.7,11.44,324.55,307.92,23.31,102.35,180.01
2024-10-28,131.54,189.68,114.07,215.8,317.17,36.01,238.91,185.01,328.59,52.64,84.76,110.87,314.92,61.65,105.51,186.52,58.81,57.36,155.92,244.12,157.05,72.1,68.52,88.76,356.59,80.46,71.11,261.09,449.44,144.03,65.69,217.54,510.88,161.6,227.38,895.59,508.95,90.6,104.23,54.8,1294.92,17.46,28.86,928.61,246.83,224.01,356.01,70.38,236.63,552.54,204.55,565.24,476.37,11.76,325.51,310.41,23.61,103.6,182.76
2024-10-29,131.23,189.45,113.4,212.78,316.0,35.99,237.51,183.47,331.64,52.5,84.56,110.06,308.23,60.62,104.53,184.0,58.66,56.25,155.96,242.69,158.31,72.24,69.37,88.08,360.67,80.83,70.38,257.77,447.83,146.0,73.6,216.34,516.31,160.09,228.09,903.58,499.18,90.32,103.73,55.22,1297.17,17.85,28.46,927.33,244.4,223.87,359.01,70.74,236.44,547.77,205.92,562.13,470.36,11.74,324.67,318.41,23.23,103.88,181.27
2024-10-30,131.49,201.5,114.45,210.86,315.54,35.86,236.61,181.18,330.58,52.66,83.99,107.89,312.89,61.78,105.2,181.39,58.97,56.39,155.93,242.32,141.22,71.8,68.63,88.29,360.92,81.15,70.64,266.32,451.08,147.66,73.93,216.04,513.77,160.61,230.56,846.83,499.34,90.5,104.83,54.72,1302.24,17.93,28.52,922.79,243.02,224.39,363.43,76.02,235.22,550.62,207.5,562.96,475.08,11.89,326.59,313.02,23.41,109.81,182.74
2024-10-31,130.31,203.87,113.37,205.03,320.16,35.7,233.59,174.0,358.19,55.77,84.02,108.52,314.81,62.26,104.68,178.58,58.6,56.46,154.83,245.66,139.81,70.48,67.01,88.82,358.74,80.87,70.23,257.83,406.92,144.14,74.12,205.82,503.84,159.86,228.27,829.74,500.59,89.25,102.32,54.36,1291.75,18.78,28.3,838.2,242.47,221.85,356.28,73.75,201.06,546.32,204.31,564.5,475.98,11.6,323.11,307.93,23.17,106.92,178.78
2024-11-01,136.87,203.55,118.6,208.58,319.22,35.87,235.24,173.79,368.42,54.32,83.62,116.13,316.49,63.52,105.85,180.96,58.73,55.81,155.29,247.76,141.59,70.35,67.54,89.51,357.19,82.33,70.37,260.71,417.28,149.76,76.13,209.16,506.34,160.13,227.1,818.93,526.34,90.07,101.88,54.63,1342.09,18.07,28.09,843.6,244.28,225.18,367.15,75.31,211.21,557.92,205.26,567.56,471.12,11.62,387.21,316.5,23.49,107.27,181.95
2024-11-04,139.65,200.47,117.65,210.78,316.91,35.8,234.33,173.52,368.92,55.45,84.72,111.9,312.32,63.82,104.86,182.48,58.69,54.65,154.33,247.18,144.94,69.7,66.47,89.84,363.16,83.72,72.33,255.55,414.52,153.49,75.75,210.19,507.42,158.24,227.17,806.14,525.94,89.31,101.87,53.54,1364.02,16.92,27.76,828.84,243.61,225.82,366.9,75.9,207.33,555.47,208.83,557.77,472.8,11.45,387.34,314.77,23.34,108.41,175.18
2024-11-05,140.41,201.68,117.73,212.15,319.29,36.1,237.3,176.93,374.28,55.95,85.54,113.18,318.39,64.8,105.21,188.68,58.48,55.34,154.1,250.07,147.08,69.0,66.69,90.22,366.66,78.8,68.99,260.6,415.98,154.96,77.28,212.87,515.17,158.35,229.11,806.06,525.28,89.68,101.65,53.29,1385.79,16.46,27.99,829.43,245.74,227.44,369.86,77.62,203.5,560.79,212.17,567.03,499.88,11.61,387.17,323.47,23.39,108.92,175.27
2024-11-06,137.78,201.2,116.8,224.85,321.79,36.11,240.06,174.4,372.93,55.28,86.44,115.58,315.22,62.56,103.78,214.2,59.95,61.61,155.18,247.76,147.07,68.61,65.75,91.69,348.75,80.49,70.01,288.51,423.42,151.83,80.95,221.25,515.55,157.88,234.38,776.38,549.31,90.11,100.73,51.81,1398.19,15.8,27.36,816.65,245.63,227.52,369.02,75.83,201.92,559.68,203.52,596.69,493.64,11.61,386.69,329.38,23.98,110.17,170.37
2024-11-07,139.63,200.51,115.3,222.18,321.91,36.04,227.11,173.92,372.87,54.71,86.88,118.22,319.49,62.52,103.33,210.29,59.92,57.07,156.2,246.1,150.37,68.91,65.84,97.9,356.03,79.29,69.43,287.76,433.0,155.15,82.34,217.68,524.28,156.73,239.05,797.45,607.51,88.12,101.17,50.28,1411.52,16.12,27.46,824.48,248.54,215.5,369.83,76.42,198.03,555.89,208.41,605.45,502.45,13.18,386.12,323.42,17.26,108.69,174.25
2024-11-08,136.68,199.5,116.59,220.51,325.28,34.64,231.64,173.04,369.25,54.14,88.25,120.56,319.77,60.15,103.75,215.39,59.41,55.54,159.37,245.39,149.66,69.96,66.23,96.57,354.16,78.76,68.0,288.12,433.28,151.09,83.38,219.23,536.45,155.47,242.39,831.54,613.0,87.72,102.92,46.83,1310.03,16.04,26.72,828.42,252.38,219.19,375.96,75.96,195.55,551.74,207.5,615.81,516.74,12.96,384.51,324.1,17.86,108.18,176.82
2024-11-11,133.86,174.43,116.8,225.24,321.81,34.22,234.61,172.03,365.95,59.82,88.48,121.64,343.06,60.75,103.55,220.69,59.46,55.81,160.17,243.25,154.48,70.31,66.7,97.03,357.99,79.39,68.29,282.44,437.3,151.5,81.53,216.99,535.75,155.04,243.92,832.44,615.59,88.27,100.73,42.75,1250.07,16.09,26.24,825.68,248.69,221.86,378.86,74.69,198.02,546.92,208.56,625.25,501.72,13.09,380.74,327.57,17.65,109.46,176.15
2024-11-12,133.67,171.09,116.44,219.09,298.84,33.83,231.27,168.28,364.53,59.02,88.72,123.51,339.87,58.6,102.0,215.94,59.25,54.03,161.7,239.6,158.04,74.34,65.81,94.35,350.53,79.76,67.46,280.06,426.11,147.62,80.58,213.57,537.07,152.64,244.26,818.86,617.66,88.3,98.58,43.47,1260.97,15.58,26.19,821.0,247.21,222.73,387.11,74.41,195.58,540.75,205.24,614.67,490.0,12.93,385.79,327.68,17.77,109.94,173.96
2024-11-13,134.28,170.35,115.74,215.03,301.44,32.63,231.22,165.79,363.2,58.41,88.77,125.33,332.04,58.04,101.88,206.54,59.15,54.27,160.55,241.53,157.28,72.53,66.52,92.63,349.32,79.18,67.74,289.42,429.82,146.17,80.48,211.51,536.69,153.24,246.22,811.81,624.6,87.97,98.5,42.14,1258.66,15.61,26.72,804.33,235.44,222.27,388.34,75.93,193.98,541.9,202.75,605.87,494.61,13.0,385.62,344.0,17.35,109.97,177.04
2024-11-14,130.22,169.63,115.03,221.64,295.93,31.7,227.17,164.89,350.23,58.5,87.59,121.29,323.88,58.68,99.86,196.9,58.91,55.09,156.84,239.38,154.36,74.68,66.16,92.11,345.51,77.54,66.54,283.14,423.65,142.24,77.73,202.94,537.8,151.87,238.18,786.23,610.16,86.0,98.36,39.77,1237.78,15.31,26.02,782.51,231.43,221.19,383.28,72.54,190.78,533.02,201.01,593.15,483.96,12.62,376.72,338.12,17.87,108.85,174.63
2024-11-15,127.07,164.99,115.9,223.69,283.61,31.96,225.15,159.99,320.31,56.22,86.99,118.78,321.52,57.46,99.63,187.74,59.1,53.19,160.44,230.5,160.33,75.88,67.76,88.4,342.96,78.6,68.76,275.67,420.91,135.05,75.87,192.68,527.61,154.0,235.21,746.2,606.29,87.53,96.31,36.85,1179.58,15.03,24.8,756.81,234.74,220.12,390.08,67.57,192.15,513.08,201.69,592.23,465.7,12.83,358.46,314.49,18.28,112.54,175.14
2024-11-18,126.92,166.28,117.36,229.9,278.76,33.02,224.1,157.94,313.15,56.8,90.45,120.03,322.45,58.83,99.48,187.5,58.78,56.05,162.11,230.06,157.41,76.27,69.89,88.46,335.85,78.79,73.89,271.35,419.83,130.74,76.97,191.04,531.64,154.77,238.64,727.2,615.6,87.59,96.56,39.51,1174.56,15.1,24.86,762.0,239.42,217.09,389.4,66.86,194.43,501.29,197.94,589.65,467.01,13.0,355.47,307.21,18.46,113.02,176.42
2024-11-19,125.69,166.57,117.13,222.58,279.95,32.52,222.64,155.43,320.66,58.23,90.33,118.33,322.5,57.81,99.05,186.1,58.88,55.77,161.16,230.84,156.98,74.88,70.2,87.75,335.11,78.57,74.84,277.78,416.34,135.0,70.56,191.33,538.82,153.0,236.23,729.73,615.65,85.0,96.54,37.29,1160.67,14.59,25.1,744.6,238.12,212.0,388.68,66.37,193.07,509.12,196.79,577.0,448.01,13.05,344.71,304.1,18.88,110.95,175.56
2024-11-20,128.57,167.76,115.93,223.87,287.87,32.63,222.39,156.0,323.69,57.88,90.17,120.34,323.39,59.1,99.08,187.9,59.0,56.83,161.32,233.1,161.4,75.24,69.54,88.63,333.0,78.04,73.73,293.97,418.61,131.68,71.05,194.38,541.82,153.11,237.85,753.41,621.14,84.11,97.44,36.94,1166.9,14.73,24.94,743.35,241.55,212.25,385.68,68.72,187.43,512.84,197.52,600.5,451.23,13.13,357.77,311.66,18.52,109.27,175.67
2024-11-21,132.06,171.73,117.26,228.21,289.9,32.99,225.45,158.01,325.58,58.23,91.5,123.42,330.07,60.35,99.91,194.19,59.66,57.1,163.89,235.05,164.14,74.46,70.38,89.76,332.24,78.72,73.77,295.71,418.55,136.99,70.39,197.6,550.62,155.5,240.17,749.92,628.27,84.74,99.86,38.25,1196.82,14.89,25.13,744.5,243.6,215.77,390.14,71.05,190.64,516.1,197.61,597.49,450.37,13.25,368.5,320.88,18.64,108.4,176.71
2024-11-22,133.84,176.95,117.76,225.89,294.53,33.21,224.0,157.9,332.91,58.87,90.0,121.84,328.45,60.37,100.8,195.77,60.98,58.01,163.59,235.84,165.51,72.83,70.48,90.19,324.93,78.97,75.08,298.11,417.24,140.14,71.72,201.82,547.87,155.17,239.67,748.01,623.19,86.21,99.18,41.11,1217.97,15.28,25.65,738.0,243.78,214.34,384.85,71.28,191.71,513.26,197.94,590.87,450.97,13.37,373.47,316.59,18.77,110.22,176.96
2024-11-25,134.49,177.06,118.13,240.52,294.0,33.42,225.48,158.71,336.09,58.78,89.25,121.77,333.01,61.43,102.4,201.3,61.29,60.08,162.44,237.68,166.99,77.83,71.27,90.49,325.62,79.73,76.84,304.18,428.59,143.82,73.52,204.02,536.55,155.78,241.29,755.0,616.73,85.75,101.16,43.66,1224.47,16.17,26.17,749.51,249.56,216.12,384.91,74.39,194.64,514.2,199.21,605.83,461.71,13.36,378.16,319.79,19.52,110.96,178.71
2024-11-26,134.37,181.14,117.96,227.93,280.01,32.87,224.25,157.69,337.73,58.74,90.21,122.44,335.0,60.0,102.64,197.75,60.75,59.01,162.27,236.58,167.96,77.94,71.55,91.35,328.95,79.0,77.28,295.59,417.32,142.95,74.8,201.23,542.1,154.52,238.73,789.32,625.0,85.68,101.62,42.05,1232.3,15.79,25.77,753.03,249.99,216.06,389.71,74.87,191.01,512.98,206.09,606.79,467.07,13.08,388.15,319.35,19.19,110.64,175.7
2024-11-27,138.14,183.08,118.95,229.66,280.07,33.31,221.98,159.83,338.48,59.27,90.75,122.63,336.5,59.93,103.43,199.59,61.0,59.96,163.32,238.83,165.63,78.1,72.07,92.41,325.47,79.44,77.66,296.68,421.76,144.36,75.45,201.43,538.55,155.4,242.15,788.19,626.38,86.27,103.12,43.39,1243.4,15.98,25.83,754.87,249.33,217.47,388.14,75.38,192.0,521.66,203.5,608.38,464.56,13.22,386.57,323.32,19.64,112.02,176.74
2024-11-29,137.97,182.93,118.77,232.77,282.87,33.71,221.9,160.63,340.53,59.22,90.66,122.24,337.8,60.0,104.46,199.06,61.11,59.85,162.66,239.69,166.17,77.99,71.35,92.58,327.22,79.5,77.05,296.38,421.75,144.15,74.59,200.84,542.0,155.01,241.16,795.35,628.5,86.54,101.64,43.06,1251.2,15.87,26.21,750.22,249.02,219.06,392.15,75.36,192.85,529.63,205.0,610.2,468.13,13.09,384.72,325.68,19.65,112.1,175.25
2024-12-02,139.58,181.77,116.81,234.14,278.1,33.55,222.82,164.23,338.77,59.94,90.43,122.47,337.06,60.06,103.0,201.25,61.43,59.08,161.51,241.29,163.74,79.31,70.53,94.02,327.63,79.0,76.5,293.13,430.77,145.15,73.24,201.79,542.85,154.8,240.63,799.8,621.29,86.54,100.61,44.26,1258.88,15.57,25.82,762.34,244.92,218.86,389.63,76.02,194.31,529.95,201.06,608.52,465.73,13.2,387.1,322.65,19.82,110.5,176.81
2024-12-03,139.28,181.5,116.29,234.01,278.32,33.13,221.26,160.85,332.28,58.69,90.47,123.27,334.9,59.41,103.29,199.3,61.7,59.19,161.94,240.87,164.01,80.91,70.2,92.49,327.07,77.47,75.21,291.13,432.11,140.6,72.03,200.58,541.71,152.36,240.57,813.33,617.95,85.71,101.85,42.58,1257.86,15.66,25.56,749.57,246.91,216.65,390.97,75.05,188.13,534.42,198.34,605.23,456.97,13.0,387.0,321.89,19.39,110.74,176.94
2024-12-04,140.2,176.46,115.97,235.29,278.26,33.02,221.43,160.92,338.44,58.37,90.84,125.24,330.12,59.77,104.98,199.35,61.84,58.05,160.24,236.26,163.38,81.01,74.2,91.59,324.09,76.87,74.49,288.08,434.43,142.5,74.62,203.17,549.95,150.47,237.39,829.84,611.99,85.32,101.37,41.63,1262.75,15.36,25.23,754.26,245.84,217.25,389.76,75.89,187.33,528.87,199.12,610.79,463.98,13.04,391.35,321.08,19.46,110.62,175.32
2024-12-05,137.87,176.17,115.59,227.81,274.33,31.9,222.24,159.26,322.36,58.84,90.53,122.84,322.61,57.95,103.23,191.54,62.12,56.86,158.52,227.87,161.37,78.92,72.43,93.39,320.05,76.0,72.49,283.06,427.49,139.91,74.92,199.93,547.65,149.52,234.9,825.62,607.52,84.14,103.55,42.94,1247.9,15.56,25.7,767.9,239.41,217.43,382.45,73.89,186.47,520.86,196.05,578.97,459.92,12.89,381.33,318.2,19.31,109.16,174.77
2024-12-06,140.58,176.19,115.6,232.35,272.58,31.8,220.02,157.78,325.5,59.38,90.07,122.76,317.81,56.76,98.7,191.81,61.83,55.29,157.35,230.12,160.25,77.72,71.53,92.13,319.75,75.34,73.0,281.73,435.69,141.09,75.92,202.63,550.41,149.31,232.57,826.71,603.53,84.01,103.09,44.44,1257.92,15.12,25.73,778.0,241.41,215.89,385.02,74.51,184.65,529.36,194.22,549.62,462.1,12.72,384.05,322.49,19.08,108.03,176.46
2024-12-09,144.0,176.57,114.9,237.57,277.63,31.85,223.01,156.46,345.6,58.71,88.72,121.58,319.15,58.49,99.26,201.75,62.37,56.07,158.2,235.91,158.06,78.41,70.9,90.59,318.5,75.79,74.98,286.24,450.68,147.53,72.11,206.44,538.86,149.6,236.0,803.58,591.9,83.96,103.79,45.65,1281.69,15.05,26.1,788.0,244.76,215.63,381.11,77.4,187.04,537.23,192.85,560.62,473.98,12.8,392.01,322.16,19.45,109.47,178.15
2024-12-10,141.93,175.67,115.5,237.16,275.75,31.44,221.44,156.32,339.87,58.12,90.2,120.42,311.37,56.71,99.08,197.05,62.24,55.15,158.46,234.34,153.81,79.41,73.39,92.34,316.79,76.83,74.73,285.82,444.72,148.53,72.48,203.2,538.09,149.23,234.54,799.58,583.96,83.58,101.0,41.51,1270.69,15.12,25.57,778.5,245.22,214.22,382.68,77.12,186.52,535.85,191.7,565.19,469.22,12.51,390.35,319.27,19.55,108.4,176.71
2024-12-11,141.19,174.37,114.14,239.52,273.41,31.0,221.04,157.46,341.51,56.65,90.56,117.42,294.03,56.9,99.28,193.55,63.24,51.76,155.69,235.4,155.5,80.47,73.81,92.38,315.14,75.53,76.85,278.2,437.08,147.64,72.49,201.07,543.6,146.64,229.53,796.03,576.69,82.92,99.75,42.86,1270.63,15.68,25.23,773.0,245.78,209.62,376.16,76.81,183.62,534.36,190.71,533.53,468.29,12.75,385.27,318.22,20.03,106.91,177.17
2024-12-12,140.91,173.19,113.86,235.72,274.06,30.84,227.17,155.33,340.01,56.28,90.42,117.46,282.96,58.0,96.72,194.27,63.05,49.58,156.07,234.5,153.9,78.93,73.97,92.38,311.99,75.09,77.03,272.78,437.18,146.43,70.83,200.37,544.72,146.24,231.84,782.35,579.29,82.73,101.25,42.82,1276.92,15.35,25.37,740.97,242.51,216.41,375.06,76.68,183.31,525.0,186.44,515.76,464.12,12.82,383.03,331.62,20.01,106.84,178.84
2024-12-13,139.0,173.37,113.38,235.39,270.62,30.32,225.56,150.03,336.28,55.78,90.11,118.1,281.86,59.42,94.85,190.46,63.07,49.37,155.0,234.89,152.73,77.19,73.32,91.86,313.93,73.65,76.6,274.12,432.1,143.87,68.55,199.06,539.58,146.62,232.01,789.12,576.24,82.48,102.0,41.83,1276.98,15.3,25.58,731.3,238.52,214.22,374.6,75.69,180.14,526.89,187.4,520.48,463.73,12.63,378.26,330.05,19.72,106.74,178.18
2024-12-16,137.67,171.63,112.62,230.09,266.5,29.42,227.56,150.49,342.95,55.87,90.46,116.55,273.26,59.17,93.98,190.07,63.48,46.6,152.65,234.18,150.59,76.41,73.91,92.05,309.6,72.44,75.14,260.46,430.47,144.4,69.8,197.09,541.99,143.85,229.62,779.0,570.07,81.35,100.06,41.84,1260.73,14.58,25.25,724.87,241.02,211.03,372.7,76.16,177.25,530.26,184.16,498.5,468.09,12.53,374.01,330.57,19.59,106.85,175.81
2024-12-17,136.46,175.38,113.29,228.81,265.95,29.64,225.64,150.64,337.85,57.65,90.43,115.82,265.59,57.81,94.49,189.33,63.48,44.04,155.49,233.53,147.57,77.8,74.12,92.8,307.78,72.26,73.18,233.89,427.09,143.12,69.4,196.64,545.16,146.41,230.95,778.62,562.78,81.37,100.06,40.76,1246.88,14.77,26.43,740.01,242.62,209.51,370.81,75.27,178.28,528.84,182.6,485.52,469.24,12.59,373.72,334.26,19.19,108.06,170.79
2024-12-18,133.01,173.02,111.93,212.69,258.78,28.91,224.09,146.79,323.94,56.84,88.03,115.91,282.41,59.49,92.39,183.16,,45.28,151.25,228.3,146.76,75.26,72.81,90.69,299.15,71.47,70.61,239.85,410.76,134.03,67.55,190.97,526.47,144.75,226.31,764.71,570.98,80.03,98.34,38.36,1214.44,14.51,25.89,714.62,230.21,207.01,359.17,71.41,172.66,516.18,177.53,499.72,447.5,12.26,360.43,325.32,18.68,105.86,167.01
2024-12-19,133.19,171.52,112.42,213.58,261.19,28.9,223.83,147.39,325.94,56.3,88.66,117.0,274.8,59.71,91.93,182.15,,43.78,151.52,226.16,147.54,75.82,73.93,91.09,297.52,70.76,68.95,235.78,409.03,134.0,67.06,191.52,523.91,143.58,226.97,757.54,579.22,79.99,99.52,39.56,1206.02,14.44,25.77,708.25,231.58,204.34,357.14,71.39,174.79,516.69,175.8,489.25,396.64,12.13,360.63,327.01,18.47,105.81,163.52
2024-12-20,134.51,175.58,114.23,211.06,263.38,29.5,227.68,146.47,327.47,57.33,88.95,118.28,276.92,59.58,93.44,185.77,,44.36,153.1,228.55,151.85,80.04,74.81,92.57,303.62,71.65,69.82,247.1,412.26,136.02,68.84,197.27,524.43,144.47,228.61,767.76,579.74,81.03,98.05,39.39,1230.74,14.58,26.36,701.85,237.27,207.49,364.6,73.17,178.16,524.05,180.11,500.13,397.27,12.52,368.16,331.4,18.7,107.12,164.84
2024-12-23,134.6,178.39,114.31,207.57,264.0,29.18,226.44,149.38,328.36,57.58,89.86,118.35,281.63,60.25,92.52,185.39,,44.14,152.94,229.16,153.02,79.54,74.81,93.4,303.52,72.5,70.06,255.74,413.16,134.99,69.84,199.11,527.22,145.27,227.84,796.28,576.76,81.4,99.37,39.59,1234.39,14.7,26.71,715.13,231.17,208.0,366.49,72.74,178.25,525.29,180.72,506.34,405.27,12.49,369.76,329.57,18.95,106.82,164.28
2024-12-24,136.1,180.0,114.76,213.5,264.49,29.08,226.95,149.02,330.53,57.76,91.07,118.83,280.06,60.83,92.81,186.29,,44.25,153.42,230.75,155.06,80.24,75.38,93.95,304.62,72.68,70.01,255.52,413.62,135.21,69.91,199.99,537.02,145.85,229.49,795.67,579.13,81.54,99.45,40.27,1246.3,14.73,26.74,714.47,232.58,208.68,370.78,73.03,177.26,528.98,181.22,506.1,408.18,12.4,373.15,332.77,18.9,107.3,164.7
2024-12-26,135.83,179.2,115.27,215.5,263.18,29.3,228.12,149.9,331.39,58.0,91.45,119.2,281.58,60.91,92.61,186.65,,44.92,153.02,231.28,155.54,80.57,75.92,94.41,302.76,72.72,70.97,256.14,417.11,134.96,69.56,200.25,538.83,145.58,231.06,794.14,578.43,81.6,99.87,40.43,1245.28,14.95,26.56,716.68,233.88,208.72,369.42,73.215,180.14,527.18,181.13,511.15,410.65,12.56,376.78,333.43,19.16,107.25,165.52
2024-12-27,135.54,178.01,114.99,211.43,262.65,29.2,228.49,151.31,330.87,57.68,90.66,119.14,278.71,60.6,92.34,186.16,,44.49,152.63,231.1,154.3,80.24,75.65,94.11,302.52,72.6,70.42,255.64,414.93,135.27,69.23,199.39,534.88,145.05,230.43,783.17,576.64,80.74,99.7,40.13,1234.23,15.06,26.62,712.4,233.18,207.98,367.11,72.98,179.51,526.07,180.46,509.99,408.76,12.48,374.6,333.22,18.94,106.87,164.6
2024-12-30,134.42,176.2,112.8,206.58,259.3,28.63,226.51,150.19,326.34,56.06,89.68,117.92,275.14,60.36,91.43,183.42,,43.94,150.97,229.65,149.79,78.0,74.24,92.01,298.42,72.27,69.17,254.26,412.75,133.57,68.42,197.45,526.96,143.34,228.85,773.84,570.75,79.61,98.37,39.38,1219.92,14.64,26.42,702.59,229.5,205.08,362.26,72.29,177.05,518.84,178.37,507.8,399.35,12.38,370.94,328.82,18.65,105.4,162.24
2024-12-31,134.34,177.7,113.11,208.51,260.64,29.16,226.87,152.92,328.51,56.56,89.32,118.27,276.14,60.58,91.93,184.6,,44.89,150.86,229.55,149.55,77.77,74.03,92.37,300.15,72.09,69.2,253.71,413.44,133.63,69.07,196.51,521.96,144.62,229.32,772.0,569.91,79.88,99.48,41.58,1223.68,14.92,26.53,712.33,228.69,205.56,360.05,72.03,177.98,520.23,179.42,505.86,402.7,12.45,370.98,327.56,18.98,105.63,162.93
2025-01-02,133.43,179.44,113.44,208.49,259.28,29.26,226.49,150.0,326.16,56.79,89.38,118.02,274.49,60.51,90.66,182.64,,44.22,150.96,229.81,149.82,78.5,72.59,91.88,297.75,71.74,68.55,252.65,408.85,130.93,69.53,195.12,524.03,144.02,228.19,778.07,566.21,80.22,99.17,42.0,1220.78,14.96,26.61,715.19,228.48,202.46,358.72,71.48,179.05,522.57,179.67,504.51,405.76,12.42,368.26,328.39,18.75,104.46,162.61
2025-01-03,135.69,181.22,113.83,208.26,261.22,29.5,228.46,152.21,330.75,56.57,90.69,119.3,280.7,61.48,91.79,185.8,,45.77,151.92,234.84,152.82,81.07,73.91,91.41,296.7,73.19,69.09,262.47,415.53,136.01,69.63,197.39,535.295,144.19,229.15,781.98,577.44,80.95,99.14,42.18,1238.28,15.44,26.59,718.15,231.67,204.12,361.52,73.79,181.75,532.02,178.89,513.0,407.11,12.28,371.76,335.56,18.62,104.47,163.31
2025-01-06,136.43,180.1,113.04,218.88,258.59,29.66,230.7,153.27,343.47,56.68,91.29,119.63,279.66,62.69,93.01,189.54,,45.82,152.27,238.2,151.53,79.88,73.54,91.23,296.92,73.77,71.76,264.29,429.16,138.65,71.91,199.28,542.37,143.66,229.92,765.1,580.43,79.84,99.72,42.57,1252.25,15.48,26.89,716.26,235.09,204.01,361.36,74.25,180.49,537.19,181.06,513.67,402.49,11.95,377.1,332.72,18.86,103.56,165.9
2025-01-07,137.41,179.53,113.4,217.56,262.06,29.58,232.15,153.15,343.99,57.14,91.99,121.4,279.93,62.61,92.69,189.76,,45.78,153.64,239.1,152.69,79.35,73.64,90.63,308.21,72.69,71.67,267.21,427.26,139.08,73.19,202.65,531.88,146.23,235.1,773.29,585.24,79.87,101.02,47.53,1254.99,15.72,27.13,730.3,236.4,206.49,355.18,74.77,179.79,545.65,186.0,514.25,408.32,12.0,377.03,332.53,18.61,103.13,163.49
2025-01-08,137.0,178.5,114.25,215.37,264.21,29.59,234.43,150.75,344.38,56.81,95.95,122.53,279.32,63.17,91.88,187.91,,46.01,154.03,238.09,153.96,80.09,74.15,89.14,311.25,72.74,71.06,268.13,432.36,139.68,73.13,204.32,544.02,142.27,234.31,787.22,590.26,82.68,99.85,43.17,1246.51,16.0,26.86,733.59,236.17,209.43,364.1,75.19,177.96,544.93,190.33,524.52,412.11,11.96,374.2,336.91,18.85,101.54,165.02
2025-01-10,137.47,175.17,112.31,212.12,262.23,29.42,233.67,148.82,341.75,55.83,94.88,121.57,278.99,61.83,90.31,186.12,,48.01,151.79,235.07,153.4,77.76,73.42,89.88,302.82,71.7,69.67,269.04,418.05,136.69,70.54,203.27,547.47,142.06,232.0,799.9,581.74,80.66,99.25,42.25,1210.99,15.85,26.72,696.88,233.82,205.74,365.66,73.31,174.61,542.31,182.93,520.69,409.56,11.67,380.35,331.73,18.12,104.54,163.32
